-- phpMyAdmin SQL Dump
-- version 4.4.14
-- http://www.phpmyadmin.net
--
-- Хост: 127.0.0.1
-- Время создания: Фев 26 2016 г., 17:00
-- Версия сервера: 5.6.26
-- Версия PHP: 5.6.12

SET SQL_MODE = "NO_AUTO_VALUE_ON_ZERO";
SET time_zone = "+00:00";


/*!40101 SET @OLD_CHARACTER_SET_CLIENT=@@CHARACTER_SET_CLIENT */;
/*!40101 SET @OLD_CHARACTER_SET_RESULTS=@@CHARACTER_SET_RESULTS */;
/*!40101 SET @OLD_COLLATION_CONNECTION=@@COLLATION_CONNECTION */;
/*!40101 SET NAMES utf8mb4 */;

--
-- База данных: `adc`
--

-- --------------------------------------------------------

--
-- Структура таблицы `adc_about_us`
--

CREATE TABLE IF NOT EXISTS `adc_about_us` (
  `id` int(10) unsigned NOT NULL,
  `file` varchar(255) NOT NULL
) ENGINE=InnoDB AUTO_INCREMENT=5 DEFAULT CHARSET=utf8;

--
-- Дамп данных таблицы `adc_about_us`
--

INSERT INTO `adc_about_us` (`id`, `file`) VALUES
(1, 'logo_blue_2279d.png'),
(2, 'O3_UmxyM_Uw_45beb.jpg'),
(3, 'logo_hotels_pro_7ced9.gif'),
(4, '');

-- --------------------------------------------------------

--
-- Структура таблицы `adc_about_us_jobs`
--

CREATE TABLE IF NOT EXISTS `adc_about_us_jobs` (
  `id` int(11) unsigned NOT NULL,
  `file` varchar(255) NOT NULL,
  `order` int(10) unsigned NOT NULL,
  `link` varchar(500) NOT NULL,
  `incoming_outgoing` tinyint(4) NOT NULL
) ENGINE=InnoDB AUTO_INCREMENT=37 DEFAULT CHARSET=utf8;

--
-- Дамп данных таблицы `adc_about_us_jobs`
--

INSERT INTO `adc_about_us_jobs` (`id`, `file`, `order`, `link`, `incoming_outgoing`) VALUES
(31, '1b1fe64d2c414bec938f87409420d450_3ba5e.jpg', 0, 'about-about', 0),
(32, 'c7ad2b64020342d0ae1a1feace158fe9_9cc16.jpg', 0, 'lorem-ipsum', 0),
(33, '6fb7b8bf98e34bc6b038c5ec4c69321f_4c200.jpg', 0, 'lorem-ipsum', 0),
(34, 'eee09b4aa50a4ff5872860e1c941eee3_09d58.jpg', 0, 'about-about', 0),
(35, '1b1fe64d2c414bec938f87409420d450_efc35.jpg', 0, 'about-about', 0),
(36, '6fb7b8bf98e34bc6b038c5ec4c69321f_2099e.jpg', 0, 'about-about', 0);

-- --------------------------------------------------------

--
-- Структура таблицы `adc_about_us_jobs_translations`
--

CREATE TABLE IF NOT EXISTS `adc_about_us_jobs_translations` (
  `id` int(11) NOT NULL,
  `parent_id` int(11) unsigned NOT NULL,
  `iso_code` varchar(2) NOT NULL,
  `content` text NOT NULL,
  `name` text NOT NULL
) ENGINE=InnoDB AUTO_INCREMENT=66 DEFAULT CHARSET=utf8;

--
-- Дамп данных таблицы `adc_about_us_jobs_translations`
--

INSERT INTO `adc_about_us_jobs_translations` (`id`, `parent_id`, `iso_code`, `content`, `name`) VALUES
(54, 31, 'hy', 'about', 'about'),
(55, 31, 'en', 'about', 'about'),
(56, 32, 'hy', 'Lorem ipsum', 'Lorem ipsum'),
(57, 32, 'en', 'Lorem ipsum', 'Lorem ipsum'),
(58, 33, 'hy', 'Lorem ipsum', 'Lorem ipsum'),
(59, 33, 'en', 'Lorem ipsum', 'Lorem ipsum'),
(60, 34, 'hy', 'Lorem ipsum', 'Lorem ipsum'),
(61, 34, 'en', 'Lorem ipsum', 'Lorem ipsum'),
(62, 35, 'hy', 'Lorem ipsum', 'Lorem Ipsum'),
(63, 35, 'en', 'Lorem ipsum', 'Lorem ipsum'),
(64, 36, 'hy', 'Lorem ipsum', 'Lorem Ipsum'),
(65, 36, 'en', 'Lorem ipsum', 'Lorem ipsum');

-- --------------------------------------------------------

--
-- Структура таблицы `adc_about_us_translations`
--

CREATE TABLE IF NOT EXISTS `adc_about_us_translations` (
  `id` int(11) NOT NULL,
  `parent_id` int(10) unsigned NOT NULL,
  `iso_code` varchar(2) NOT NULL,
  `content` text
) ENGINE=InnoDB AUTO_INCREMENT=13 DEFAULT CHARSET=utf8;

--
-- Дамп данных таблицы `adc_about_us_translations`
--

INSERT INTO `adc_about_us_translations` (`id`, `parent_id`, `iso_code`, `content`) VALUES
(5, 1, 'en', '<p>Lore Travel is a full service travel company founded in October 1999 in Yerevan. Having&nbsp;expanded into a well-established and reputable company during 16 years Lore Travel is&nbsp;serving the clients both at home and abroad. Our goal is making your travel more efficient,&nbsp;comfortable and cost effective. While customer satisfaction guides our policies, service&nbsp;orientation and international standards are goals we never compromise.</p>'),
(6, 2, 'en', '<p>CWT delivers&nbsp;efficient and innovative solutions for&nbsp;business&nbsp;events&nbsp;management, by leveraging&nbsp;global reach&nbsp;with the&nbsp;best people&nbsp;and&nbsp;superior service.&nbsp;The&nbsp;company also provides best-in-class&nbsp;service and assistance to travelers. CWT Armenia has been&nbsp;an integral part of the CWT Global Partners Network since June 2008 and has established itself&nbsp;as one of the leading travel agencies in the country. It is independently owned and operated by&nbsp;Lore Travel.</p>'),
(7, 3, 'en', '<p>HotelsPro.com is a fully interactive, leading edge, on-line reservation system especially for&nbsp;travel agencies, offering instant confirmation from its allotments in thousands of hotels in&nbsp;hundreds of destinations to the worldwide travel market. HotelsPro.com gives 24 hour online&nbsp;access to the lowest hotel rates enabling travel agents and tour operators to book significantly&nbsp;discounted accommodation at more than 95,000 hotels in over 190 countries. They cover over&nbsp;11,000 destinations cities across Europe, Asia, the Middle East, the USA &amp; Canada.</p>'),
(8, 4, 'en', '<p>Throughout the years we have built up a vast network of reliable local suppliers and associates&nbsp;with whom we have strong strategic partnerships: we work closely with more than 1.000&nbsp;hotels, all types of dining venues, activity &nbsp;roviders, licensed guides etc. The guarantee of our&nbsp;success is attributed to our creativity, consistent professionalism, the high standard of our&nbsp;service, tailor made products, attention to detail and the final touch that makes each program a&nbsp;unique experience for the participants. We would love to become your reliable partner in&nbsp;Armenia!</p>'),
(9, 1, 'hy', ''),
(10, 2, 'hy', ''),
(11, 3, 'hy', ''),
(12, 4, 'hy', '');

-- --------------------------------------------------------

--
-- Структура таблицы `adc_best_offers`
--

CREATE TABLE IF NOT EXISTS `adc_best_offers` (
  `id` int(11) unsigned NOT NULL,
  `file` varchar(255) NOT NULL,
  `order` int(10) unsigned NOT NULL,
  `link` varchar(500) NOT NULL,
  `incoming_outgoing` tinyint(4) NOT NULL
) ENGINE=InnoDB DEFAULT CHARSET=utf8;

--
-- Дамп данных таблицы `adc_best_offers`
--

INSERT INTO `adc_best_offers` (`id`, `file`, `order`, `link`, `incoming_outgoing`) VALUES
(2, 'photo_3_30887.jpg', 9, 'http://loretravel.com/en/tours/your-wedding-in-cube', 1),
(4, 'photo_3_2ea5e.jpg', 1, 'http://loretravel.com/en/tours/rio-carnival-2016', 1),
(5, 'a9ff3b_38d2c8f4a16e498ab7df390b9f5486db_3ee40.jpg', 2, 'http://loretravel.com/en/tours/skiing-in-sochi', 1),
(6, 'boat_d9076.jpg', 4, 'http://loretravel.com/en/tours/cruise-by-mediterranean', 1),
(7, 'photo_8_55b28.jpg', 5, 'http://loretravel.com/en/tours/new-york-night-tour-sightseeing-night-tour-with-open-loop', 1),
(8, 'photo_8_1418d.jpg', 6, 'http://loretravel.com/en/tours/medical-spa-treatments-in-karlovy-vary', 1),
(9, 'a9ff3b_7125cf82b18841c2961ce0a241b78826_7e644.jpg', 7, 'http://loretravel.com/en/tours/8-day-excursion-in-europe', 1),
(11, '3660b797a48b4401948dd686a7c625db_08dd5.jpeg', 3, 'http://loretravel.com/en/tours/prague-tour', 1),
(12, 'a9ff3b_5f378900670848919283755eb67a5949_0783a.jpg', 0, 'http://loretravel.com/en/tours/5-days-around-armenia', 2),
(13, 'a9ff3b_38d2c8f4a16e498ab7df390b9f5486db_7d562.jpg', 0, 'http://loretravel.com/en/tours/5-day-brandy-tour-to-armenia', 2),
(14, 'a9ff3b_42da54d3813d45d4b968f5d693c1d29c_d8fc9.jpg', 0, 'http://loretravel.com/en/tours/14-days-medical-tour-to-jermouk', 2),
(15, 'a9ff3b_2919fbec56cb4c3086b8159d5aa04b2e_0bf02.jpg', 0, 'http://loretravel.com/en/tours/4-days-around-armenia', 2),
(16, 'a9ff3b_7125cf82b18841c2961ce0a241b78826_cec1e.jpg', 0, 'http://loretravel.com/en/tours/10-days-in-the-mountains-of-armenia', 2),
(17, 'a9ff3b_a2cb5c4ffde14da5a2f47610c4587ad1_6fa36.jpg', 0, 'http://loretravel.com/en/tours/language-school-abroad-easter-package', 2),
(18, 'a9ff3b_f69457ef952c4aa4ba805827a02331c4_1e007.jpg', 0, 'http://loretravel.com/en/tours/maldives-tour', 1);

-- --------------------------------------------------------

--
-- Структура таблицы `adc_best_offer_translations`
--

CREATE TABLE IF NOT EXISTS `adc_best_offer_translations` (
  `id` int(11) NOT NULL,
  `parent_id` int(11) unsigned NOT NULL,
  `iso_code` varchar(2) NOT NULL,
  `content` text NOT NULL,
  `name` text NOT NULL
) ENGINE=InnoDB DEFAULT CHARSET=utf8;

--
-- Дамп данных таблицы `adc_best_offer_translations`
--

INSERT INTO `adc_best_offer_translations` (`id`, `parent_id`, `iso_code`, `content`, `name`) VALUES
(4, 2, 'en', 'YOUR WEDDING IN CUBA', 'from AMD625,000'),
(7, 4, 'en', 'JOIN CARNIVAL IN RIO 2016                    ', 'from AMD323,000 '),
(8, 5, 'en', 'WINTER SPORTS IN SOCHI', 'from AMD365,000'),
(19, 6, 'en', 'CRUISE BY MEDITERRANEAN', 'from AMD245,000 '),
(20, 7, 'en', 'WALT DISNEY PARK TICKET', 'from AMD69,000'),
(21, 8, 'en', 'SPA IN KARLOVY VARY', 'from AMD498,000'),
(22, 9, 'en', '8-DAY IN EUROPE', 'from AMD265,000'),
(24, 11, 'en', 'ENJOY A WEEK IN PRAGUE', 'from AMD279,000'),
(25, 12, 'en', '5-DAYS AROUND ARMENIA', 'Seasonality : All year round!'),
(26, 13, 'en', '5-DAY BRANDY TOUR to ARMENIA', 'Seasonality : All year round!'),
(27, 14, 'en', '14-DAYS MEDICAL TOUR TO JERMOUK', 'Seasonality : All year round!'),
(28, 15, 'en', '4-DAYS AROUND ARMENIA', 'Seasonality : All year round!'),
(29, 16, 'en', '10-DAYS IN THE MOUNTAINS OF ARMENIA', 'Seasonality : January-February'),
(30, 17, 'en', 'Language school abroad/ Easter package', 'from EUR 249,000 per person'),
(31, 18, 'en', '7 DAYS IN PARADISE', 'from AMD490,000 '),
(32, 2, 'hy', 'Lorem ipsum', '5000'),
(33, 4, 'hy', 'Lorem ipsum', '300'),
(34, 5, 'hy', 'Lorem ipsum', '200'),
(35, 6, 'hy', '', ''),
(36, 7, 'hy', 'Lorem ipsum', '300'),
(37, 8, 'hy', 'Lorem ipsum', '500'),
(38, 9, 'hy', 'Lorem ipsum', '300'),
(40, 11, 'hy', 'Lorem ipsum', '200'),
(41, 12, 'hy', 'lore', '200'),
(42, 13, 'hy', 'Lorem ipsum', '1100'),
(43, 14, 'hy', 'Lorem ipsum', '1000000'),
(44, 15, 'hy', 'Lorem ipsum', '300'),
(45, 16, 'hy', 'Lorem ipsum', '3000'),
(46, 17, 'hy', 'Lorem ipsum', '300'),
(47, 18, 'hy', 'Lorem ipsum', '1000000');

-- --------------------------------------------------------

--
-- Структура таблицы `adc_common_settings`
--

CREATE TABLE IF NOT EXISTS `adc_common_settings` (
  `id` int(11) unsigned NOT NULL,
  `mail_contact_us` varchar(200) DEFAULT NULL,
  `mail_lets_plan_your_trip` varchar(200) DEFAULT NULL,
  `mail_order_tour` varchar(200) DEFAULT NULL,
  `url_facebook` text,
  `url_google_plus` text,
  `url_twitter` text,
  `url_pinterest` text,
  `url_linked_in` text,
  `color_map_default` varchar(10) DEFAULT NULL,
  `color_map_default_hover` varchar(10) DEFAULT NULL,
  `home_page_og_type` varchar(100) DEFAULT NULL,
  `home_page_og_image` varchar(100) DEFAULT NULL,
  `home_page_og_url` varchar(100) DEFAULT NULL,
  `amadeus_url` text NOT NULL,
  `iata_url` text NOT NULL,
  `sabre_url` text NOT NULL,
  `snow` tinyint(4) NOT NULL
) ENGINE=InnoDB AUTO_INCREMENT=2 DEFAULT CHARSET=utf8;

--
-- Дамп данных таблицы `adc_common_settings`
--

INSERT INTO `adc_common_settings` (`id`, `mail_contact_us`, `mail_lets_plan_your_trip`, `mail_order_tour`, `url_facebook`, `url_google_plus`, `url_twitter`, `url_pinterest`, `url_linked_in`, `color_map_default`, `color_map_default_hover`, `home_page_og_type`, `home_page_og_image`, `home_page_og_url`, `amadeus_url`, `iata_url`, `sabre_url`, `snow`) VALUES
(1, 'info@loretravel.am', 'info@loretravel.am', 'info@loretravel.am', 'https://www.facebook.com/loretravel.am', '', '', '', '', '#116f47', '#ff8040', 'company', '', 'http://loretravel.am/', '', '', '', 0);

-- --------------------------------------------------------

--
-- Структура таблицы `adc_common_settings_translations`
--

CREATE TABLE IF NOT EXISTS `adc_common_settings_translations` (
  `id` int(11) NOT NULL,
  `parent_id` int(11) unsigned NOT NULL,
  `iso_code` varchar(2) NOT NULL,
  `meta_keywords_home_page` text NOT NULL,
  `meta_description_home_page` text NOT NULL,
  `meta_keywords_about_us` text,
  `meta_description_about_us` text,
  `meta_keywords_tours_incoming` text,
  `meta_description_tours_incoming` text,
  `meta_keywords_tours_outgoing` text,
  `meta_description_tours_outgoing` text,
  `meta_keywords_tours_education` text,
  `meta_description_tours_education` text,
  `meta_keywords_destination` text,
  `meta_description_destination` text,
  `meta_keywords_book_hotel` text,
  `meta_description_book_hotel` text,
  `meta_keywords_visas_to_armenia` text,
  `meta_description_visas_to_armenia` text,
  `meta_keywords_visas_from_armenia` text,
  `meta_keywords_not_decided` text,
  `meta_description_not_decided` text,
  `meta_description_visas_from_armenia` text,
  `meta_keywords_contact_us` text,
  `meta_description_contact_us` text,
  `site_title` varchar(250) NOT NULL,
  `home_page_og_title` varchar(550) NOT NULL,
  `home_page_og_description` text NOT NULL
) ENGINE=InnoDB DEFAULT CHARSET=utf8;

--
-- Дамп данных таблицы `adc_common_settings_translations`
--

INSERT INTO `adc_common_settings_translations` (`id`, `parent_id`, `iso_code`, `meta_keywords_home_page`, `meta_description_home_page`, `meta_keywords_about_us`, `meta_description_about_us`, `meta_keywords_tours_incoming`, `meta_description_tours_incoming`, `meta_keywords_tours_outgoing`, `meta_description_tours_outgoing`, `meta_keywords_tours_education`, `meta_description_tours_education`, `meta_keywords_destination`, `meta_description_destination`, `meta_keywords_book_hotel`, `meta_description_book_hotel`, `meta_keywords_visas_to_armenia`, `meta_description_visas_to_armenia`, `meta_keywords_visas_from_armenia`, `meta_keywords_not_decided`, `meta_description_not_decided`, `meta_description_visas_from_armenia`, `meta_keywords_contact_us`, `meta_description_contact_us`, `site_title`, `home_page_og_title`, `home_page_og_description`) VALUES
(0, 1, 'en', 'travel agency in Armenia, tours to Armenia, tours to Europe,  hot tours to Dubai, wedding package, cruise, corporate tours to Armenia, mice in Armenia, new year tours, tours to Egypt, hotel booking, travel agency in Yerevan, skiing tours to Armenia, cheap group tours to Europe, visa for Armenian citizen for,  cheap tickets to, tour operator in Armenia', 'Lore Travel, as one of the leading Armenian tour companies, offers wire range of travel services both in Armenia and abroad. As the sole partner and representative of Carlson Wagonlit Travel in Armenia, Lore Travel guarantees the worldwide travel managements standards.', '', '', '', '', '', '', '', '', '', '', '', '', '', '', '', 'Meta keywords (Անգլերեն)  (Չորոշված)', 'Meta description (Անգլերեն) (Չորոշված)', '', '', '', '', 'Book your vacation now! With us, you can count on a high standard of customer service and a trip you’ll never forget!', 'Lore Travel, as one of the leading Armenian tour companies, offers wire range of travel services both in\r\n\r\nArmenia and abroad. As the sole partner and representative of Carlson Wagonlit Travel in Armenia, Lore Travel guarantees the worldwide travel managements standards.'),
(0, 1, 'hy', '', '', '', '', '', '', '', '', '', '', '', '', '', '', '', '', '', '', '', '', '', '', '', '', '');

-- --------------------------------------------------------

--
-- Структура таблицы `adc_countries`
--

CREATE TABLE IF NOT EXISTS `adc_countries` (
  `id` int(10) unsigned NOT NULL,
  `thumb` varchar(255) DEFAULT NULL,
  `flag` varchar(255) NOT NULL,
  `slug` varchar(100) NOT NULL,
  `order_in_elems` int(10) DEFAULT '-1',
  `color_default` varchar(15) DEFAULT NULL,
  `color_hover` varchar(15) DEFAULT NULL,
  `alternative_link` tinyint(4) NOT NULL
) ENGINE=InnoDB AUTO_INCREMENT=41 DEFAULT CHARSET=utf8;

--
-- Дамп данных таблицы `adc_countries`
--

INSERT INTO `adc_countries` (`id`, `thumb`, `flag`, `slug`, `order_in_elems`, `color_default`, `color_hover`, `alternative_link`) VALUES
(13, '4_days_around_armenia_7eae3.jpg', 'am_65543.gif', 'armenia', 5, '#c0c0c0', '#ff80c0', 0),
(17, 'image001_f3c3d.jpg', 'flag_of_Haiti_c9b37.png', 'haiti', 36, '#c0c0c0', '#ff80c0', 1),
(18, 'image001_da38a.jpg', 'flag_of_Tanzania_d19cb.png', 'tanzania', 163, '#c0c0c0', '#ff80c0', 0),
(19, 'image001_6f0b8.jpg', 'flag_of_Morocco_6f0b8.png', 'morocco', 99, '#c0c0c0', '#ff80c0', 0),
(20, 'tunisjpg_98ba0.png', 'flag_of_Tunisia_ed4ce.png', 'tunisia', 160, '#c0c0c0', '#ff80c0', 0),
(21, 'image001_152a1.jpg', 'flag_of_Maldives_152a1.png', 'maldives', -1, '#c0c0c0', '#ff80c0', 0),
(22, 'image001_c2b81.jpg', 'flag_of_France_c2b81.png', 'france', 54, '#c0c0c0', '#ff80c0', 1),
(23, 'image001_63d27.jpg', 'flag_of_Antigua_63d27.png', 'antigua', 128, '#c0c0c0', '#ff80c0', 0),
(24, 'image001_d9391.jpg', 'flag_of_Bahamas_d9391.png', 'bahamas', 16, '#c0c0c0', '#ff80c0', 0),
(25, 'image001_60291.jpg', 'flag_of_Barbados_60291.png', 'barbados', 80, '#c0c0c0', '#ff80c0', 0),
(26, 'image001_d8c77.jpg', 'flag_of_Belize_d8c77.png', 'belize', 19, '#c0c0c0', '#ff80c0', 0),
(27, 'image001_34e3a.jpg', 'flag_of_Guatemala_bf0f4.png', 'guatemala', 116, '#c0c0c0', '#ff80c0', 0),
(28, 'image001_a21ea.jpg', 'flag_of_Hungary_a21ea.png', 'hungary', 71, '#c0c0c0', '#ff80c0', 0),
(29, 'image001_4bf59.jpg', 'flag_of_Belarus_4bf59.png', 'belarus', 18, '#c0c0c0', '#ff80c0', 0),
(30, 'image001_2dbaa.jpg', 'flag_of_Bulgaria_2dbaa.png', 'bulgaria', 15, '#c0c0c0', '#ff80c0', 0),
(31, 'sri_7cf3e.jpg', 'flag_of_Sri_Lanka_a9414_082f8.png', 'sri-lanka', 94, '#c0c0c0', '#c0c0c0', 0),
(32, 'jap_5e1c9.jpg', 'flag_of_Vietnam_bcd24_5e1c9.png', 'vietnam', 170, '#c0c0c0', '#00d5d5', 0),
(33, 'japan_ef2d0.jpg', 'flag_of_Japan_8f067_ef2d0.png', 'japan', 82, '#c0c0c0', '#00d5d5', 0),
(34, 'madagascar_5ac5b.jpg', 'flag_of_Madagascar_d9fad_5ac5b.png', 'madagascar', 101, '#004080', '#00d5d5', 0),
(35, 'nepal_db746.jpg', 'flag_of_Nepal_27499_db746.png', 'nepal', 119, '#c0c0c0', '#00d5d5', 0),
(36, 'moldova_0d807.jpg', 'flag_of_Moldova_618dc_f9fd8.png', 'moldova', 100, '#c0c0c0', '#00d5d5', 0),
(37, 'thailand_80f4d.jpg', 'flag_of_Thailand_00a53_80f4d.png', 'thailand', 155, '#c0c0c0', '#00d5d5', 0),
(38, 'sar_99d6a.jpg', 'flag_of_Central_African_Republic_e9ab9_99d6a.png', 'south-africa', 174, '#c0c0c0', '#00d5d5', 0),
(39, 'saudi_c4375.jpg', 'flag_of_Saudi_Arabia_c4799_c4375.png', 'saudi-arabia', 137, '#c0c0c0', '#00d5d5', 0),
(40, 'icef_ed3a6.png', 'Logo_200px_ed3a6.gif', 'dfgdfgdf', -1, '#004080', '#00d5d5', 0);

-- --------------------------------------------------------

--
-- Структура таблицы `adc_country_gallery`
--

CREATE TABLE IF NOT EXISTS `adc_country_gallery` (
  `id` int(11) unsigned NOT NULL,
  `country_id` int(11) unsigned NOT NULL,
  `file` varchar(255) NOT NULL,
  `order` int(10) unsigned NOT NULL
) ENGINE=InnoDB AUTO_INCREMENT=87 DEFAULT CHARSET=utf8;

--
-- Дамп данных таблицы `adc_country_gallery`
--

INSERT INTO `adc_country_gallery` (`id`, `country_id`, `file`, `order`) VALUES
(16, 17, 'Haiti_Banner_d3ac3.jpg', 0),
(17, 17, 'image002_7cec5.jpg', 0),
(18, 17, 'labadee_haiti_2012_ede46.jpg', 0),
(19, 18, '_76604199_tanzania_dar_g_fea3e.jpg', 0),
(20, 18, '0eff5821_c7dc_42a5_919e_036795cbe497_1a8c2.jpg', 0),
(21, 18, 'Africa_Tanzania_Migration_4_lion_cubs_7ccb6.jpg', 0),
(22, 18, 'Home_Page_Kilimanjaro_940x478_29de0.jpg', 0),
(23, 18, 'image002_8ff76.jpg', 0),
(24, 18, 'tanzania_01_72b94.jpg', 0),
(25, 19, '5_day_morocco_tour_casablanca_marrakech_meknes_fez_and_rabat_in_costa_del_sol_150553_56811.jpg', 0),
(26, 19, 'image002_39d19.jpg', 0),
(27, 19, 'morocco_day_trip_from_malaga_to_tangier_in_malaga_108231_8e7c8.jpg', 0),
(28, 20, 'El_Djem_Tunisia1_ed0b2.jpg', 0),
(29, 20, 'image002_6ee98.jpg', 0),
(30, 20, 'pic1_c828c.jpg', 0),
(31, 20, 'Tunisia_ac626.jpg', 0),
(32, 20, 'Tunisia_Banner_1bd7b.jpg', 0),
(33, 21, '01_2000x925_Beach_15_95f06.jpg', 0),
(34, 21, 'ayada_maldives_6ad59.jpg', 0),
(35, 21, 'maldives_f0504.jpg', 0),
(36, 21, 'maldives_13115_2560x1600_57360.jpg', 0),
(37, 22, 'france_929cc.jpg', 0),
(38, 22, 'image002_a568f.jpg', 0),
(39, 22, 'paris_france_contemporary_french_studies_studying_abroad_seine_30_d1012.jpg', 0),
(40, 22, 'parisi_d86da.jpg', 0),
(41, 23, '18399_2c634.jpg', 0),
(42, 23, 'antigua_8abb1.jpg', 0),
(43, 23, 'Antigua_Barbuda_Hawksbill_Bay_Caribbean_379a9.jpg', 0),
(44, 23, 'antigua_bay_ec7e1.jpg', 0),
(45, 23, 'image002_7aa43.jpg', 0),
(46, 23, 'slide_01_new_ba366.jpg', 0),
(47, 24, 'Bahamas_a95b40b719ac4c86b54971e41e575878_c_66d6d.jpg', 0),
(48, 24, 'homepage_superhero_pic2_51a7d.jpg', 0),
(49, 24, 'image002_8e6fb.jpg', 0),
(50, 24, 'LateSail_Bahamas2_32ccf.jpg', 0),
(51, 24, 'LateSAil_Bahamas3_97c4b.jpg', 0),
(52, 25, '6_2fe74.jpg', 0),
(53, 25, '72523_1680_948_4f808.jpg', 0),
(54, 25, 'destinations_map_16158.jpg', 0),
(55, 25, 'image002_6e15e.jpg', 0),
(56, 26, 'Belize_2_Belize_real_estate_lawyer_Belize_real_estate_attorneys_Belize_property_86b31.jpg', 0),
(57, 26, 'belize1_e0b54.jpg', 0),
(58, 26, 'Belize_Vacation_Resort_60568.jpg', 0),
(59, 26, 'Cave_Tubing_Belize_2bc20.jpg', 0),
(60, 26, 'image002_74b7c.jpg', 0),
(61, 27, 'Guatemala_City_663_d0843.jpg', 0),
(62, 27, 'image002_9352a.jpg', 0),
(63, 27, 'maxresdefault_3071a.jpg', 0),
(68, 29, '8_1395e.jpg', 0),
(69, 29, 'belarus1_3236f.jpg', 0),
(70, 29, 'germany_x_other_countries_rr_16_from_klemochka_6b08b.jpg', 0),
(71, 29, 'image002_c90a1.jpg', 0),
(72, 29, 'VIG_CEE_Belarus_Minsk_8513c.jpg', 0),
(73, 30, 'belogradchik_fortress_bulgaria_71199.jpg', 0),
(74, 30, 'bulgaria_694cb.jpg', 0),
(75, 30, 'image002_11fc1.jpg', 0),
(76, 31, 'sri1_d1cff.jpg', 0),
(77, 31, 'sri2_4d247.jpg', 0),
(78, 28, 'hung10_7af99.jpg', 2),
(79, 28, 'hung11_40a51.jpg', 3),
(80, 28, 'hung12_5d5ae.jpg', 5),
(82, 28, 'hung14_d588d.jpg', 6),
(83, 28, 'hung15_2311e.jpg', 7),
(84, 28, 'hung13_d3283.jpg', 8),
(85, 28, 'hung16_d6453.jpg', 1),
(86, 28, 'hung17_32c63.jpg', 4);

-- --------------------------------------------------------

--
-- Структура таблицы `adc_country_gallery_translations`
--

CREATE TABLE IF NOT EXISTS `adc_country_gallery_translations` (
  `id` int(11) NOT NULL,
  `parent_id` int(11) unsigned NOT NULL,
  `iso_code` varchar(2) NOT NULL,
  `content` text NOT NULL
) ENGINE=InnoDB AUTO_INCREMENT=168 DEFAULT CHARSET=utf8;

--
-- Дамп данных таблицы `adc_country_gallery_translations`
--

INSERT INTO `adc_country_gallery_translations` (`id`, `parent_id`, `iso_code`, `content`) VALUES
(31, 16, 'en', ''),
(32, 17, 'en', ''),
(33, 18, 'en', ''),
(34, 19, 'en', ''),
(35, 20, 'en', ''),
(36, 21, 'en', ''),
(37, 22, 'en', ''),
(38, 23, 'en', ''),
(39, 24, 'en', ''),
(40, 25, 'en', ''),
(41, 26, 'en', ''),
(42, 27, 'en', ''),
(43, 28, 'en', ''),
(44, 29, 'en', ''),
(45, 30, 'en', ''),
(46, 31, 'en', ''),
(47, 32, 'en', ''),
(48, 33, 'en', ''),
(49, 34, 'en', ''),
(50, 35, 'en', ''),
(51, 36, 'en', ''),
(52, 37, 'en', ''),
(53, 38, 'en', ''),
(54, 39, 'en', ''),
(55, 40, 'en', ''),
(56, 41, 'en', ''),
(57, 42, 'en', ''),
(58, 43, 'en', ''),
(59, 44, 'en', ''),
(60, 45, 'en', ''),
(61, 46, 'en', ''),
(62, 47, 'en', ''),
(63, 48, 'en', ''),
(64, 49, 'en', ''),
(65, 50, 'en', ''),
(66, 51, 'en', ''),
(67, 52, 'en', ''),
(68, 53, 'en', ''),
(69, 54, 'en', ''),
(70, 55, 'en', ''),
(71, 56, 'en', ''),
(72, 57, 'en', ''),
(73, 58, 'en', ''),
(74, 59, 'en', ''),
(75, 60, 'en', ''),
(76, 61, 'en', ''),
(77, 62, 'en', ''),
(78, 63, 'en', ''),
(83, 68, 'en', ''),
(84, 69, 'en', ''),
(85, 70, 'en', ''),
(86, 71, 'en', ''),
(87, 72, 'en', ''),
(88, 73, 'en', ''),
(89, 74, 'en', ''),
(90, 75, 'en', ''),
(91, 76, 'en', ''),
(92, 77, 'en', ''),
(93, 78, 'en', ''),
(94, 79, 'en', ''),
(95, 80, 'en', ''),
(97, 82, 'en', ''),
(98, 83, 'en', ''),
(99, 84, 'en', ''),
(100, 85, 'en', ''),
(101, 86, 'en', ''),
(102, 16, 'hy', ''),
(103, 17, 'hy', ''),
(104, 18, 'hy', ''),
(105, 19, 'hy', ''),
(106, 20, 'hy', ''),
(107, 21, 'hy', ''),
(108, 22, 'hy', ''),
(109, 23, 'hy', ''),
(110, 24, 'hy', ''),
(111, 25, 'hy', ''),
(112, 26, 'hy', ''),
(113, 27, 'hy', ''),
(114, 28, 'hy', ''),
(115, 29, 'hy', ''),
(116, 30, 'hy', ''),
(117, 31, 'hy', ''),
(118, 32, 'hy', ''),
(119, 33, 'hy', ''),
(120, 34, 'hy', ''),
(121, 35, 'hy', ''),
(122, 36, 'hy', ''),
(123, 37, 'hy', ''),
(124, 38, 'hy', ''),
(125, 39, 'hy', ''),
(126, 40, 'hy', ''),
(127, 41, 'hy', ''),
(128, 42, 'hy', ''),
(129, 43, 'hy', ''),
(130, 44, 'hy', ''),
(131, 45, 'hy', ''),
(132, 46, 'hy', ''),
(133, 47, 'hy', ''),
(134, 48, 'hy', ''),
(135, 49, 'hy', ''),
(136, 50, 'hy', ''),
(137, 51, 'hy', ''),
(138, 52, 'hy', ''),
(139, 53, 'hy', ''),
(140, 54, 'hy', ''),
(141, 55, 'hy', ''),
(142, 56, 'hy', ''),
(143, 57, 'hy', ''),
(144, 58, 'hy', ''),
(145, 59, 'hy', ''),
(146, 60, 'hy', ''),
(147, 61, 'hy', ''),
(148, 62, 'hy', ''),
(149, 63, 'hy', ''),
(150, 68, 'hy', ''),
(151, 69, 'hy', ''),
(152, 70, 'hy', ''),
(153, 71, 'hy', ''),
(154, 72, 'hy', ''),
(155, 73, 'hy', ''),
(156, 74, 'hy', ''),
(157, 75, 'hy', ''),
(158, 76, 'hy', ''),
(159, 77, 'hy', ''),
(160, 78, 'hy', ''),
(161, 79, 'hy', ''),
(162, 80, 'hy', ''),
(163, 82, 'hy', ''),
(164, 83, 'hy', ''),
(165, 84, 'hy', ''),
(166, 85, 'hy', ''),
(167, 86, 'hy', '');

-- --------------------------------------------------------

--
-- Структура таблицы `adc_country_translations`
--

CREATE TABLE IF NOT EXISTS `adc_country_translations` (
  `id` int(11) NOT NULL,
  `parent_id` int(10) unsigned NOT NULL,
  `iso_code` varchar(2) NOT NULL,
  `name` varchar(200) NOT NULL,
  `comment_on_hover` text,
  `comment_on_click` text
) ENGINE=InnoDB AUTO_INCREMENT=82 DEFAULT CHARSET=utf8;

--
-- Дамп данных таблицы `adc_country_translations`
--

INSERT INTO `adc_country_translations` (`id`, `parent_id`, `iso_code`, `name`, `comment_on_hover`, `comment_on_click`) VALUES
(26, 13, 'en', 'Armenia', '', ''),
(33, 17, 'en', 'Haiti', '', '<p>1. east season fruits such as colorful mangoes which you''ll definitely miss once you are back</p>\r\n<p>2. dip deep into the clear water of 3 spectacular cobalt-blue pools of The Bassins Bleu full of dissolved&nbsp;minerals</p>\r\n<p>3. enjoy the coolest view of Labadee port ziplining over the ocean at Gradons Flight. Expensive (100$&nbsp;p.p.), but worth it!</p>\r\n<p>4. explore Haitian history by visiting a majestic National History Park, incl. The Citadelle, Sans Souci,&nbsp;Cathedrale Notre Dame de Cap Haitien</p>\r\n<p>5. take home a few bottles of Rhum Pango (3* rhum, pineapple and mango) or 5* Barbancourt rhum if&nbsp;you are a true fan of Carribean rhum</p>\r\n<p>6. stop at Cafe Sur Mer for lunch or dinner and order some authentic Haitian food</p>\r\n<p>7. take a tour to Marina Blue - the best place in Haiti for kayaking, scuba and snorkelling with kids and&nbsp;family</p>\r\n<p>8. book a guided 45-min hike up to the magical Grotte Marie Jeanne which costs 15$ p.p.</p>\r\n<p>9. while you''re in Haiti, hit the stunning beaches all among the island. Most recommended ones are&nbsp;Jacmel, Gelee and Kokoye Beaches</p>'),
(34, 18, 'en', 'Tanzania', '', '<p>1.&nbsp;Choose the Machame route, hike to the roof of Africa and watch the uniquely&nbsp;breathtaking sunrise at 19,600ft</p>\r\n<p>2.&nbsp;Take a safari around the Serengeti National Park, Tanzania''s oldest and most popular&nbsp;national park, which is also a UNESCO heritage site and has been recently proclaimed&nbsp;seventh worldwide wonder.</p>\r\n<p>3.&nbsp;Escape from the world to Zanzibar Island that gives you the feeling to be selected.&nbsp;History, culture, great food, excellent upmarket hotels, comfortable budget guest houses,&nbsp;interesting local life, spice tours, excellent beaches with &nbsp;uperb turquoise waters, and&nbsp;friendly people &ndash; all of it you''ll find while visiting the Spice Island.</p>\r\n<p>4.&nbsp;Taste a real mix of traditional African food, with a strong Arabic/Indian influence,&nbsp;especially along the coast and in Zanzibar.</p>\r\n<p>5.&nbsp;If you are into diving, boat to the gorgeous paradise of Mafia Island. The variety and the&nbsp;diversity of life is amazing, equipment is new and in a very good condition. Also, you will&nbsp;find rare species of crabs and plenty of shrimps, &nbsp;erfect for underwater photography.</p>\r\n<p>6.&nbsp;Stop by the Ruaha National Park - the largest national park in the country. Filled with&nbsp;wild dogs, lions, leopards, elephants, cheetah, giraffes, zebras, impala, bat eared foxes&nbsp;and jackals, the park offers visitors an opportunity to get &nbsp;p close and personal with&nbsp;nature. Due to the parks somewhat remote location you can enjoy viewing the wildlife&nbsp;without competing with hordes of other tourists.</p>\r\n<p>7.&nbsp;Tour to Ngorongoro Conservation Area with its spectacular world&rsquo;s largest Ngorongoro&nbsp;Crater. Spend enough time to enjoy this magical place enriched with the presence of&nbsp;globally threatened species and the inhabitants of wildlife.</p>\r\n<p>8.&nbsp;Have fun with your friends parasailing, scubadiving, jetskiing and banana riding at ZP&nbsp;Ocean Sport Clubhouse. This will give you a timeless experience as well as plenty of&nbsp;awesome photos.</p>'),
(35, 19, 'en', 'Morocco', '', '<p>1.&nbsp;Explore an Imperial City of Fez in the very north of Morocco. Within its dusty walls you&rsquo;ll find the&nbsp;place where old Morocco still exists &ndash; in the elaborate architecture, the historic medina and the&nbsp;throngs of people that make their home here</p>\r\n<p>2.&nbsp;stroll through the quaint and colorful Blue Streets of Chefchaouen in the country&rsquo;s northeastern&nbsp;part. The picturesque medina, set against the dramatic backdrop of the Rif Mountains, is filled&nbsp;with whitewashed homes with distinctive, powder-blue accents, and the call to prayer rings out&nbsp;of several mosques around the town in chorus. If you have a few days to relax from the rigors of&nbsp;travel, this is a good place to do it.</p>\r\n<p>3.&nbsp;learn how to cook traditional Moroccan dishes, such as tagine, harira and couscous enriched&nbsp;with subtle spices and intriguing flavor combinations. This is an absolute must-do while visiting&nbsp;Morocco!</p>\r\n<p>4.&nbsp;Feel yourself a tiny but integral part of Moroccan life steaming in a traditional Hammam&nbsp;(bathhouse). This ancient art is considered sacred, and is an absolute essential element of Islam.</p>\r\n<p>5.&nbsp;take some leaves from your work and steal your partner up to the most beautiful desert in the&nbsp;great Africa &ndash; the purest Sahara Desert.</p>\r\n<p>6.&nbsp;Take a chance to surf the Moroccan waves. This country offers a prime location for surf camp&nbsp;with glorious sunshine, sandy beaches and an endless coastline of Surf Spots for all levels.</p>\r\n<p>7.Find peace in the Majorelle Gardens that is statistically one of the most visited sites in Morocco.&nbsp;It took French painter Jacques Majorelle forty years of passion and dedication to create this&nbsp;enchanting garden in the heart of the &ldquo;Ochre City&rdquo;.</p>\r\n<p>8.&nbsp;Overnight at Riad - a traditional Moroccan house or palace with an interior</p>\r\n<p>9. Experience two ski areas with lifts and several other high altitude spots of Atlas Mountains&nbsp;during the Moroccan ski season which is from December to March</p>\r\n<p>10. Visit the Hassan II Mosque in Casablanca - one of the largest and most beautiful mosques in the&nbsp;world</p>\r\n<p>&nbsp;</p>'),
(36, 20, 'en', 'Tunisia', '', '<p style="text-align: justify;">1. Journey to the Roman ruins of Dougga included to the list of UNESCO Heritage Sites. Get&nbsp;your comfortable shoes on, as this requires a lot of walking. However, the place is truly well&nbsp;worth a visit!</p>\r\n<p style="text-align: justify;">2.&nbsp;Roam the streets of Old City, admiring the narrow bystreets, tiny shops, colorful markets,&nbsp;squares and gorgeous architecture of mosques and palaces.</p>\r\n<p style="text-align: justify;">3. Tour to the &ldquo;island of the 100 mosques&rdquo; Djerba &ndash; a marvelous island in the Mediterranean&nbsp;covered with white sandy beaches and whitewashed domed houses, craft markets&nbsp;and palm&nbsp;trees.</p>\r\n<p style="text-align: justify;">4. Book an hour at one of the famous Hammamet Spa centers. Here you will rebirth after&nbsp;getting an excellent Thalassa massage, traditional stream and body scrub, footbath and&nbsp;seaweed bodymask.</p>\r\n<p style="text-align: justify;">5. Stop by Port El Kantaoui&nbsp;&ndash; a huge tourist complex 10 km north of Sousse city. The place is&nbsp;all white buildings and cobbled streets with a swanky marina that takes center stage.</p>\r\n<p style="text-align: justify;">6. visit Amphitheatre of El Jem, the most modern Tunisian market town. It is home of the&nbsp;largest building in Roman&nbsp;Africa&nbsp;and one&nbsp;one of the largest Amphitheatres anywhere in the&nbsp;Roman world,&nbsp;which could hold up to 35,000 spectators.</p>\r\n<p style="text-align: justify;">7. Monastir &ndash; nice place to spend vacation. Monastir is a city on the central coast of Tunisia.&nbsp;Traditionally a fishing port, a major tourist resort.</p>\r\n<p style="text-align: justify;">8. Buy a ticket to the National Museum an Palace of Dar Hussein to check out the ancient&nbsp;Roman mosaic and archeological ruins that refer to the country&rsquo;s different historical periods</p>\r\n<p style="text-align: justify;">9. Discover the touristic pearl of Tunisia which is the blue-and-white village of Sidi Bou Said!</p>'),
(37, 21, 'en', 'Maldives', '', '<p>1. Spend the most incredible wedding as well as your honeymoon on one of the&nbsp;islands.</p>\r\n<p>2. For those who love diving and watching all&nbsp;kinds of beautiful coral reef&nbsp;and colorful fish underwater, this is the perfect place.</p>\r\n<p>3. Visit the National Museum, which was once the Sultan&rsquo;s Palace.</p>\r\n<p>4. Hukuru Miskiy, which is situated in the city of Male, is also an interesting place to&nbsp;visit. It is also known as an Old Friday Mosque.</p>\r\n<p>5. Utheemu Ganduvaru&nbsp;is the place where&nbsp;Sultan Mohamed Thankurufaan used to&nbsp;live. He is&nbsp;considered one of the heroes of the Maldives.</p>\r\n<p>6. You must also visit the world&rsquo;s smallest capital Male where many surprises are&nbsp;waiting for you.</p>\r\n<p>7. Manta Reef&nbsp;&ndash; The Maldives is also well known for its flora and fauna but there&nbsp;are several reefs that should be seen for sure: Manta Reef, HP Reef,&nbsp;Banana&nbsp;Reef&nbsp;(which is shaped like banana).</p>\r\n<p>8. Alimatha Island&nbsp;&ndash;&nbsp;take day diving excursions, night dives or&nbsp;snorkeling trips, for experienced and beginners.</p>'),
(38, 22, 'en', 'France', '', '<p>1. Seeing the view from the top of Eiffel Tower, praying in Sacre C&oelig;ur, visiting&nbsp;Notre Dame de Paris, singing on Champs Elysee, enjoying croissants in one of&nbsp;the street cozy cafes is number of things you can do in Paris.</p>\r\n<p>2. Visiting Galerie LaFayette, Musee Du Louvre, Musee D&rsquo;Orsay, Musee de&nbsp;l&rsquo;Orangerie, Musee Gravin and all this wonders in one city, city of love Paris.</p>\r\n<p>3. Visit a daily market in Nice which is called Course Saleya Flower Market which&nbsp;is the most famous flower market selling bucketful of blooms in the western half,&nbsp;and food market at the eastern end.</p>\r\n<p>4. Admire the breathtaking island Mont Saint Michel in Normandy.</p>\r\n<p>5. Want to see narrow streets with beautiful Baroque churches, shops and&nbsp;restaurants, then you should go to Nice Old Town. Eat the famous ice cream&nbsp;during the day and then party the whole night in the streets.</p>\r\n<p>6. See St Benezet Bridge - known as the Pont d&rsquo;Avignon - is a famous bridge&nbsp;located in Avignon.</p>\r\n<p>7. Disneyland Paris &ndash; a real magic both in summer and in winter. Want to spend an&nbsp;incredible time with family and friends this is the right place situated in Paris. The&nbsp;two parks and hotels are waiting for you.</p>\r\n<p>8. Enjoy the evening in Lido de Paris or Mulin Rouge - No visit to Paris is complete&nbsp;without the theater of cabaret!</p>\r\n<p>9. Old Lyon &ndash; A real ancient place where you can see many churches, enchanting&nbsp;Rennaissance-era neighborhood of beautifully preserved buildings. Just take a walk and&nbsp;enjoy every detail around.</p>\r\n<p>10. Cannes Cruise Port &ndash; Glamorous city where you can meet Hollywood stars and&nbsp;European royalty. A wonderful place for shopping and living the life of rich even just for&nbsp;one day.</p>'),
(39, 23, 'en', 'Antigua', '', '<p style="text-align: justify;">&nbsp;</p>\r\n<p style="text-align: justify;">1.&nbsp;tour through the picturesque Fig Tree Drive</p>\r\n<p style="text-align: justify;">&nbsp;</p>\r\n<p style="text-align: justify;">2.&nbsp;order a plate of fried green tomatoes for a Breakfast</p>\r\n<p style="text-align: justify;">&nbsp;</p>\r\n<p style="text-align: justify;">3.&nbsp;take an adventure of Antigua zipline in St. Johns crossing beautiful gorges, rain forests and landing&nbsp;into the ocean</p>\r\n<p style="text-align: justify;">&nbsp;</p>\r\n<p style="text-align: justify;">4.&nbsp;include the heartwarming Donkey Sanctuary into your trip. Your kids would like it!</p>\r\n<p style="text-align: justify;">&nbsp;</p>\r\n<p style="text-align: justify;">5.&nbsp;visit the Bean Machine at Carib Bean Coffee Company, see the roasting taking place and never miss a&nbsp;good glass of ice coffee</p>\r\n<p style="text-align: justify;">&nbsp;</p>\r\n<p style="text-align: justify;">6.&nbsp;treat yourself to the best massage one can have seeing Pam''s Wellness Centre. Stress release will cost&nbsp;you around 35$</p>\r\n<p style="text-align: justify;">&nbsp;</p>\r\n<p style="text-align: justify;">7.&nbsp;Fly with British Airways and bypass the queues and crowds at OutboundLounge of Antigua VC Bird Intl&nbsp;Airport. As a guest, you will be invited to relax immediately on arrival, enjoying free Wi-Fi,&nbsp;complimentary snacks, wine and soft drinks. The service is available for 95$ per adult and 20$ per child&nbsp;5-12</p>\r\n<p style="text-align: justify;">&nbsp;</p>\r\n<p style="text-align: justify;">8.&nbsp;enjoy your time on the island drinking rum and pineapple juice</p>'),
(40, 24, 'en', 'Bahamas', '', '<p>1. plan on visiting Bahamas any time you wish as here you have over 315 days of sunshine</p>\r\n<p>2. get a day pass to Aquaventure Water Park at Atlantis Paradise Island which is an absolute fun</p>\r\n<p>3. take a good chance to join The Bahamas Ocean Safari - one of the most unique experiences of your&nbsp;life</p>\r\n<p>4. stop at The Daiquiri Shack bar to get some great Nipper Juice Cocktail or Goombay Smash</p>\r\n<p>5. order a good portion of the best fresh wahoo and tuna on the planet!</p>\r\n<p>6. if you are cruising around, moor at Junkanoo Beach Club, rent a kayak or paddle board at only&nbsp;6$/hour and discover the beautiful wonders of the Bahamas</p>\r\n<p>7. do not miss a family visit to the Ardastra Center where you can stroll through the beautiful gardens,&nbsp;feed the talking parrots and enjoy the Flamingo Show</p>\r\n<p>8. hang out with Pete at Pete''s Pub and Gallery tasting the delightful triggerfish sandwich or grilled&nbsp;lobster with coleslaw and spicy rice</p>\r\n<p>9. spend your honeymoon here relaxing on stellar beaches, observing friendly dolphins and enjoying&nbsp;water sports</p>\r\n<p>10. get your friens to karaoke at Two-Dollar Bar &amp; Grill, then take a 1$ drink and go see the marvellous&nbsp;sunsets of Grand Bahama Island</p>'),
(41, 25, 'en', 'Barbados', '', '<p>1. enjoy the beaches. Here are plenty for everyone : Bathsheba Beach to stroll, Rockley Beach to swim,&nbsp;Crane Beach to surf</p>\r\n<p>2. visit the Concorde Museum to check out the original airplane which arrived to Barbados Intl Airport&nbsp;on 17th of November 2003 after the final flight from London</p>\r\n<p>3. book an open balcony table at Mustor Restaurant and order a delicious flying fish or stewed chicken&nbsp;with cou cou refreshed by green mango smoothie or cold golden apple juice</p>\r\n<p>4. after dinner hang out at Red Door Lounge enjoying quality cocktails and a beautiful atmosphere</p>\r\n<p>5. make your summer vacation more entertaining attending two-month Crop Over Festival which&nbsp;includes calypso band competitions, food fairs, street parades with colorful costumes and spirited&nbsp;dancing</p>\r\n<p>6. isolate in the Atlantic Ocean surfing super waves of Soup Bowl in November</p>\r\n<p>7. exceed your expectations at Animal Flower or Harrison''s Caves paying 20$ per tour. A small tram will&nbsp;take you deep to see a good collection of stalactites and stalagmites and limestone formations</p>\r\n<p>8. visit the Agapey Chocolate Factory in Bridgetown to taste Bajan dark chocolate</p>\r\n<p>9. don''t miss a fantastic night out at Oistin''s Friday Night Fish Fry Bar trying great grilled Barracuda or&nbsp;swordfish, drinking beer and dancing in the centre</p>\r\n<p>10.tour to Calabaza for a sailing cruise with your friends and family. Experience best snorkeling watching&nbsp;lots of turtles and tropical fishes</p>\r\n<p>&nbsp;</p>'),
(42, 26, 'en', 'Belize', '', '<p>1. go to Shark Ray Alley to see a lot ofsea life and get in water with the sharks</p>\r\n<p>2. tour to the Bunches of Fun Banana Farm with your kids. Call ahead to book and get ready for 2-hour&nbsp;fascinating tour through the plantations and tasting of delicious green fried bananas at the end</p>\r\n<p>3. have fun chillin with your friends at Belize Jungle Paintball Club</p>\r\n<p>4. visit Lee at The Secret Garden Spa Centre to experience one of the best deep tissue massages. Open&nbsp;air salon will help you enjoy the soothing wind chimes and the ocean breezes</p>\r\n<p>5. surprise yourself petting and holding colorful iguanas at Green Iguana Conservation Project</p>\r\n<p>6. hide out in Jaguar Bowling Club if it happens to rain in Belize. Grab a rum punch, order some nachos&nbsp;and enjoy 4 clean bowling lanes</p>\r\n<p>7. spend at least a day at Half Moon Caye Natural Monument Area swimming, snorkelling on the reef,&nbsp;kayaking, yogging, watching Booby birds and observing big lizards and hermit crabs</p>\r\n<p>8. meet the fellow travellers, pick out some Cuban cigars and enjoy a good Belizen rum at Havana Cigar&nbsp;Bar which turns into the dancefloor on Fridays and Saturdays</p>\r\n<p>9. take a journey to the marvelous area of Mayan ruins - Xunantunich. At an admission price of 5$ per&nbsp;person you can climb to the top of the tallest temple - the magnificent El Castillo - then stroll around&nbsp;playing with local monkeys</p>\r\n<p>10. stop by a small souvenir shop "Belize 12" full of locally made authentic items such as soaps, jewelry,&nbsp;bags, chocolate, spices etc.</p>\r\n<p>&nbsp;</p>'),
(43, 27, 'en', 'Guatemala', '', '<p>1. spend a day exploring the sacred Lake Atitlan. Can see why so many people come from so far to see&nbsp;this beauty!&nbsp;</p>\r\n<p>2. discover a number of beautiful Mayan ruins in Tikal with all its beauty and ancient wonders</p>\r\n<p>3. visit the brightest and most native shopping destination of Guatemala - Chichicastenango Market or&nbsp;"chichi" full of local fabrics, wood-crafted items, clothing, textiles, pottery etc.</p>\r\n<p>4. if you are an adrenaline junky, experience the swimmers paradise at Semuc Champey pools. Take a&nbsp;good pair of shoes, and do some cave trekking, tubing or bridge jumping</p>\r\n<p>5. set aside at least one day to climb Volcan Pacaya - an active volcano - which have trails and hiking&nbsp;opportunities open to the public</p>\r\n<p>6. sign up for Lake Atitlan Guatemala Cooking Class to have an amazing experience cooking and tasting&nbsp;delicious traditional stew, tamales, guacamole, pepian and an apricot dessert</p>\r\n<p>7. meet the fellow travelers and enjoy the great music at The Snug Bar grabbing Guatemalian cold beer&nbsp;or cider</p>\r\n<p>8. take part in a regional colorful dance Punta with an incredible beat while touring through Livingston</p>\r\n<p>9. drive up to the village of Carmelita which is the closest point to the tropical jungle El Mirador with the&nbsp;ruins of the same-named Mayan city. People who makes this journey neverforget it</p>\r\n<p>10. catapult your friend while bungee-jumping at Xtrema Bungee Outdoor Club. It''s cheap, safe,&nbsp;professional and is a fantastic experince one should have</p>'),
(44, 28, 'en', 'Hungary', '', '<p style="text-align: justify;">1. Take an enjoyable therapeutic thermal bath in the cave of Miskolc Tapolca. However, there are plenty of less popular baths called Gellert baths, Szechenyi baths, Turkish baths Rudas and Kir&aacute;ly.</p>\r\n<p style="text-align: justify;">2. Have a slice of the delicious l&aacute;ngos or k&uuml;rt&ouml;s kal&aacute;cs, the local fast food. Or maybe a Hungarian soup like gulyas or fish soup hal&aacute;szl&eacute;. For dessert you can try the Dobos cake (Dobos torta), consisting of a sponge cake with chocolate cream and icing, soml&oacute;i galuska or t&uacute;r&oacute;gomb&oacute;c, made of curds.</p>\r\n<p style="text-align: justify;">3. Use the unique opportunity to swim in the largest thermal lake in the world Hevih. The water in the lake is warm all year round: its temperature is 35<sup> o</sup>C in summer and 28<sup> o</sup>C in winter.</p>\r\n<p style="text-align: justify;">4. Discover the city&rsquo;s most beautiful views climbing St. Stephen''s Basilica - one of the largest churches in Europe and Central Cathedral in Budapest.</p>\r\n<p style="text-align: justify;">5. Ride the oldest subway in Europe that was officially declared a World Heritage Site in 2002. The Yellow line&rsquo;s stations in Budapest metro still look the same as 100 years ago.</p>\r\n<p style="text-align: justify;">6. Travel along the Danube back and forth on the longest tram in the world - on the routes number 4 and 6 in the center of Budapest there are trams up to 54 metres long.</p>\r\n<p style="text-align: justify;">7. Taste Hungarian wine: the most famous sort is "Bull''s Blood&raquo; (Egri bikav&eacute;r). According to legend, the soldiers been drinking this exact wine during protection of the Castle of Eger from Turks. There are also Tokay wines; a light white wine from grape varieties, alcohol degree in those wines is 12-16%.</p>\r\n<p style="text-align: justify;">8. Climb on Gell&eacute;rt Hill and see the picturesque panorama of the city. Gellert Hill is named after Bishop Gellert, who was the spiritual mentor of King Stephen. Also, there is an observation deck close to Citadella, which offers stunning views of Budapest. The height of the monument to the freedom of 40 meters, it was installed on Gellert Hill in 1947.</p>\r\n<p style="text-align: justify;">9. Tour on a river bus over Danube - the duration of the tour for 2 hours.</p>\r\n<p style="text-align: justify;">10. Visit an enjoyable horse show - if you''re lucky, you can see the equestrian competitions in the city center at Heroes'' Square, or visit the equestrian park "Lazar&raquo; (&laquo;L&aacute;z&aacute;r lovaspark&raquo;), established in 2001. It is located in the valley Domonvёld.</p>'),
(45, 29, 'en', 'Belarus', '', '<p>1. Visit Vitebsk, the home of Slavic Bazaar festival. An outstanding artist Marc Chagall lived and&nbsp;worked here. He called Vitebsk his Paris.</p>\r\n<p>2. Listen to the only live organ in Polotsk, the geographical center of Europe.</p>\r\n<p>3. Stay in Grodno &ndash; city-museum, walk around the central part - Savetskaya Square - Fire Tower,&nbsp;Old Castle, New Castle.</p>\r\n<p>4. Go to Khatyn, a village in Belarus, which was destroyed by the Germans in 1943.</p>\r\n<p>5. Visit Brest and the Brest Fortress and walk by Kashtanovskaya Street from the Yuri Antonov&rsquo;s&nbsp;bestseller.</p>\r\n<p>6. Discover the remains of the primeval forest, the residence of the Belarusian Santa Claus and a&nbsp;large zoo in Belovezhskaya Pushcha.</p>\r\n<p>7. Taste Belarusian cuisine, as well as the delicious brew &ldquo;Na myadu&rdquo; &ndash; national peculiarity of&nbsp;Belarus.</p>\r\n<p>8. Visit the castles of Belarus. Mir Castle (village Mir in the Grodno region), Leeds Castle (Lida of&nbsp;Grodno region), two castles in Grodno, Nesvizh Radziwill Palace (city Shults) Kossovskii Castle&nbsp;(Brest region), Ruzhany Palace Sapieha Ruzhany, Brest region), Gomel Palace of Rumyantsev-&nbsp;Paskevich (Homiel town).</p>\r\n<p>9. Climb to the roof of Minsk National Library (vv. Uskhod metro) and see the city at the bird''s-eye&nbsp;view.</p>\r\n<p>10. Buy Belarusian clothing (men''s shirts, suits, women''s sweaters) &ndash; cheap and good quality.</p>'),
(46, 30, 'en', 'Bulgaria', '', '<p>1.&nbsp;Attend a performance in the marble amphitheater in Plovdiv, built in the second century AD by&nbsp;Marcus Aurelius.</p>\r\n<p>2. Go to the Rila Monastery, which is listed as a UNESCO World Heritage</p>\r\n<p>3. Take a walk through the botanical garden in the resort town of Balchik, which was built thanks to&nbsp;Queen Marie of Romania Edinburgh: she stopped here on summer vacations.</p>\r\n<p>4. Enjoy the scent of roses in the Valley of the Roses - flower fields of 30 sq. kilometers, planted with&nbsp;oilseed Damascus roses.</p>\r\n<p>5. See Vanga&rsquo;s home and the Church of St. Petka Bulgarian in the village of Rupite.</p>\r\n<p>6. See "Nessebar underwater": If the weather is good, you can see many ancient monuments, which&nbsp;are under water from the boat.</p>\r\n<p>7. Dive to TU-154 that once belonged to the former Bulgarian leader Todor Zhivkov.</p>\r\n<p>8. See the most bizarre building in the world - the snail-house in Sofia. It is a five-storey building in the&nbsp;form of a funny colourful snail, with horns on its head and butterflies on its back.</p>\r\n<p>9. See the Cape " Kaliakra " - the height of the cliffs that reaches up to 60-70</p>\r\n<p>10.&nbsp; Try the soup tartar, Shopska salad and cake bannitsa and enjoy a nice cheese. Dairy products have&nbsp;an important place in the national cuisine, especially yogurt with a specific characteristic taste</p>'),
(47, 31, 'en', 'Sri Lanka', '', '<p style="text-align: justify;">1. Visit Colombo. This city offers so much to see, do, and experience, such as historical monuments, festivals and events, beaches, fine dining, and shopping. The city is a jarring mix of old and new, with a central cluster of high-rise office blocks and hotels overshadowing red-tiled colonial-era buildings and sprawling street markets which overflow with high-piled fruit and vegetables, colorful silks and cottons, and deliciously fragrant spices.</p>\r\n<p style="text-align: justify;">&nbsp;</p>\r\n<p style="text-align: justify;">2. Book an impressive tour to the important archeological site&nbsp;of Sigiriya.&nbsp; Gracing the covers of many Sri Lankan Guide books, hanging in the office of tour companies and standing proud on the cover of several coffee table books, it just may be Sri Lanka&rsquo;s most recognizable site.&nbsp; It is also set in a beautiful location.</p>\r\n<p style="text-align: justify;">&nbsp;</p>\r\n<p style="text-align: justify;">3. Laze on one of the popular Beaches, for example Hikkaduwa, Unawatuna and Kosgoda. However, you can still find secluded beaches all along Sri Lanka&rsquo;s coast.&nbsp;</p>\r\n<p style="text-align: justify;">&nbsp;</p>\r\n<p style="text-align: justify;">4. Sri Lanka is a beginner surfer&rsquo;s paradise.&nbsp; Try surfing at Hikkaduwa on Sri Lanka&rsquo;s south west coast. The sandy break cushions your fall and the waves are not the gigantic intimidating pipes seen in Hawaii or Australia.&nbsp; Even expert surfers can enjoy themselves here.</p>\r\n<p style="text-align: justify;">&nbsp;</p>\r\n<p style="text-align: justify;">5. Sip Tea and explore the hill country as Sri Lanka is one of the most important tea producers in the world and its hill country is stunning.&nbsp; The vegetation is lush and green and the rolling hills make for an awesome site. Pretend you are in jolly old England for a few days.&nbsp; Stay in old plantation homes, drink tea and eat baked goods.</p>\r\n<p style="text-align: justify;">&nbsp;</p>\r\n<p style="text-align: justify;">6. An absolute must see here is an incredible Yala National Park filled with wildlife.&nbsp; Elephants, peacocks, monkeys, jackles, crocodiles and monitor lizards to name a few. You will not be disappointed on a jeep safari here even if you do not see a leopard; you will see a beautiful landscape and an abundance of wild animals.</p>\r\n<p style="text-align: justify;">&nbsp;</p>\r\n<p style="text-align: justify;">7. Explore a Cultural Triangle of Sri Lanka. A history that is strewn with ancient legend, age-old statues of undefined age dot the north central plains of Sri Lanka. Sri Lanka is synonymous with Buddhism and the north central plains are dotted with many Buddhist temples, sculptures, stupas and many ancient monasteries, some are over two thousand years old.</p>'),
(48, 32, 'en', 'Vietnam', '', '<p style="text-align: justify;">1. Tour Vietnam on the back of a motorcycle or a bicycle. It&rsquo;s an excellent way to see the countryside and feel like a local.</p>\r\n<p style="text-align: justify;">2. Drink snake whine. It&rsquo;s believed to improve health.</p>\r\n<p style="text-align: justify;">3. Shop for silk and tailored clothes in the coastal town of Hoi An, once a thriving international port known for its trade of silk and ceramics.</p>\r\n<p style="text-align: justify;">4.&nbsp;Watch and enjoy the musical, opera or symphony at the&nbsp;French Colonial wonders of Hanoi&nbsp;or&nbsp;Ho Chi Minh Opera Houses.</p>\r\n<p style="text-align: justify;">5.&nbsp;Check out the War Remnants Museum, Ben Thanh market, and Cu Chi Tunnels used by the Viet Cong guerillas as hiding spots, view the remnants of the bomb craters, and even fire an AK-47 nearby.</p>\r\n<p style="text-align: justify;">6.&nbsp;Visit the famous Hanoi Hilton, also known as the Hỏa L&ograve; Prison, which housed prisoners of war including 2008 Republican Presidential nominee, John McCain.</p>\r\n<p style="text-align: justify;">7. Eat Pho - Vietnam Noodles -&nbsp;and drink Vietnamese coffee at any one of the many pop-up cafes. It&rsquo;s cheap and you just have to point to what you want.</p>\r\n<p style="text-align: justify;">8. Cruise in an old Chinese junk in Ha Long Bay&nbsp;- &ldquo;Bay of Descending Dragons&rdquo; - a world heritage site famous for limestone karsts and isles in various shapes and sizes.</p>\r\n<p style="text-align: justify;">9.&nbsp;Go night fishing on local boats. Even if you&rsquo;re not a fan of fishing, this tour to Phu Quoc Island&nbsp;is both intrepid and eventually delicious. There are many opportunities to head off for a few hours with a local operator and catch your own fresh squid, before barbecuing it on-site.</p>\r\n<p style="text-align: justify;">10.&nbsp;Catch, cook and sample some traditional Vietnamese seafood at various cafes on a gentle water and watch the sun fall behind the horizon.</p>'),
(49, 33, 'en', 'Japan', '', '<p>1. Attend Cherry Blossom festival in Tokyo. Cherry blossom is a symbol of Japan. The blooming trees mark the end of the winter and welcome spring, which is being celebrated all around the country. In Tokyo alone, there is a number of parks, where the blossoming trees attract locals and guests to admire the incredible trees.The flowers are expected to blossom from March 20 to April 8, however the dates may slightly change.</p>\r\n<p>&nbsp;</p>\r\n<p>2. Go to a Sumo tournament. Go along to a bout and soak up the electric atmosphere while wallowing in the pomp and ceremony.&nbsp;</p>\r\n<p>&nbsp;</p>\r\n<p>3. Take a communal bath. Put fears of public nudity aside and dip into a steaming-hot pool at a communal bath. Japanese traditionally bath in the evening, but communal baths are open for several hours in the morning as well.</p>\r\n<p>&nbsp;</p>\r\n<p>4. Tour Hiroshima&rsquo;s Peace Memorial Park and Museum. Dedicated to victims of the atomic bombing of August 6, 1945, the Peace Memorial Park and Museum&nbsp;are poignant and moving monuments to the horrors of nuclear weapons.</p>\r\n<p>&nbsp;</p>\r\n<p>5. Gaze upon Tokyo from the 52nd floor of "New York Bar" in Tokyo''s Park Hyatt Hotel. It is spectacular and well worth, especially when the city is lit up a night, full of red blinking lights that make it seem as if the city was breathing.</p>\r\n<p>&nbsp;</p>\r\n<p>6. Overnight in a Temple. Mount Koya&nbsp;is a place of pilgrimage. Among the highlights of a visit &mdash; besides wandering the eerie, almost primeval Okunoin cemetery and the multitude of temples built in Daishi&rsquo;s honor&mdash;is the opportunity to stay with the monks at one of Koya&rsquo;s mountaintop temples.</p>\r\n<p>&nbsp;</p>\r\n<p>7. Have a night out in Karaoke. In Japan, karaoke&nbsp;is as popular as it ever was. There are hundreds of English-language songs available, so choose a number, take a deep breath and step up to the plate. It does not matter if you do not sing well, taking part is what counts.</p>\r\n<p>&nbsp;</p>\r\n<p>8. Shop high tech in Akihabara. If you love gadgets and electronics, you will love this place, with its numerous stores showing off the very latest in tech. Brand-new as well as used goods are on offer, and prices may well be more attractive than what you will find back home.</p>\r\n<p>&nbsp;</p>\r\n<p>9. Go to Tsukiji Fish Market early in the morning. The main reason for going at 5am is to catch the live tuna auctions. No visit to Tsukiji is complete without a sushi breakfast.</p>\r\n<p>&nbsp;</p>\r\n<p>10. Admire the snow sculptures in Sapporo. The Sapporo Snow Festival takes place in February each year, and it&rsquo;s worth making the long trip to the northern island of Hokkaido just to see the enormous sculptures. &nbsp; &nbsp; &nbsp; &nbsp; &nbsp; &nbsp; &nbsp; &nbsp; &nbsp; &nbsp; &nbsp; &nbsp; &nbsp; &nbsp; &nbsp; &nbsp; &nbsp; &nbsp; &nbsp; &nbsp; &nbsp; &nbsp; &nbsp; &nbsp; &nbsp; &nbsp;&nbsp;</p>'),
(50, 34, 'en', 'Madagascar', '', '<p style="text-align: justify;">1. Discover the beaches of Madagascar that are on the tourist trails and others that haven&rsquo;t even been explored yet.&nbsp; There is something for everyone whether you are looking for luxury or something more authentic.&nbsp; The most popular beaches are in Diego, Anakao, the areas surrounding Morondava, and the islands of Nosy Be, Sainte Marie, &amp; Nosy Ve.</p>\r\n<p style="text-align: justify;">&nbsp;</p>\r\n<p style="text-align: justify;">2. The unique Baobab trees can be found all around the country.&nbsp; Just an hour away from Morondava there are unique set trees lined along the Avenue of the Baobabs, where you can get exceptional pictures at sunset.</p>\r\n<p style="text-align: justify;">&nbsp;</p>\r\n<p style="text-align: justify;">3. The Big Tsingy de Bemaraha Strict Nature Reserve is the main tourist attraction in Madagascar. The Tsingy de Bemaraha, an unforgettable place where lemurs leap between knife-sharp limestone pinnacles. A place where nature and adventure go hand in hand.</p>\r\n<p style="text-align: justify;">&nbsp;</p>\r\n<p style="text-align: justify;">4. Explore the rare Wildlife of Madagascar, which you will not find anywhere else in the world.&nbsp; Throughout the entire island, you can find the 70 different species of Lemurs and chameleons.</p>\r\n<p style="text-align: justify;">&nbsp;</p>\r\n<p style="text-align: justify;">5. While the capital of Madagascar &ndash; city of Antananarivu - does not boast the architectural prowess of capitals in Europe, the city is unique in its own right.&nbsp; The market that winds up and down the staircases will astound you.&nbsp; Do not forget to see the Royal Hill of Ambohimanga, March&eacute; Artisanale de La Digue, and the Lemurs Park that is found just outside the city.</p>\r\n<p style="text-align: justify;">&nbsp;</p>\r\n<p style="text-align: justify;">6. See an infinity of multi colored fish with exotic names continuously drawing arabesques in a fairyland of shellfish and corals of indefinable shapes while diving and snorkeling around. Clown fishes, butterflies, lions, unicorns, napoleons or surgeons and the inoffensive whale sharks are among the undersea fauna a diver might expect to encounter here.</p>\r\n<p style="text-align: justify;">&nbsp;</p>\r\n<p style="text-align: justify;">7. Drive 22 km away from the center of Antananarivo on RN 1 to Imeritsiatosika and Arivonimamo where The Lemurs Park is launched. Nine species of lemurs live freely in this botanical park of 4 to 6 hectares of 6000-planted trees. Lemurs'' Park had been created in order to allow people, especially animal enthusiasts, and nature lovers to discover this amazing animal.</p>\r\n<p style="text-align: justify;">&nbsp;</p>\r\n<p style="text-align: justify;">8. Ranomafana is one of Madagascar&rsquo;s best-known and most important parks. Created in 1991 following the 1986 discovery of the golden bamboo lemur, Ranomafana has served as a model for subsequent parks and reserves in the country and abroad. Note that once you go to the more distant areas where most tourist do not go, then you get the real wild life experience.</p>'),
(51, 35, 'en', 'Nepal', '', '<p style="text-align: justify;">Nepal is one of the world&rsquo;s amazing countries with the most welcoming nation ever. It contains most exciting and unique tours on the planet.</p>\r\n<p style="text-align: justify;">&nbsp;</p>\r\n<p style="text-align: justify;">1. Get an incredible lifetime mountain experience at the memorable treks of the Gokyo Lakes, which is the best point to admire outstanding views of Mt Everest.</p>\r\n<p style="text-align: justify;">&nbsp;</p>\r\n<p style="text-align: justify;">2. Ride an elephant and look out for extraordinary animals in Chitwan National Park.</p>\r\n<p style="text-align: justify;">&nbsp;</p>\r\n<p style="text-align: justify;">3. Sign up for the most iconic attraction in Nepal and one of the world&rsquo; daring feats. Climbing Mt Everest is a remarkable achievement, which costs around USD11000.</p>\r\n<p style="text-align: justify;">&nbsp;</p>\r\n<p style="text-align: justify;">4. Experience the native Nepali markets and architecture during the Kathmandu city tour. Highly recommended activity for all the newcomings.</p>\r\n<p style="text-align: justify;">&nbsp;</p>\r\n<p style="text-align: justify;">5. Visit the colorful and peaceful monasteries of Lumbini, which are truly considered as the home of the Buddha, birthplace of one of history&rsquo;s most revered figures.</p>\r\n<p style="text-align: justify;">&nbsp;</p>\r\n<p style="text-align: justify;">6. Take an excursion to Bhaktapur where you will admire charming medieval alleys, famous woodcarvings, rich culture, ancient temples and fantastic backdrop of snow-capped mountains.</p>\r\n<p style="text-align: justify;">&nbsp;</p>\r\n<p style="text-align: justify;">7. If you are into mountain climbing, never miss the Langtang trek: the therapeutic river sounds, the delightful food along the way, greenery and budding wildlife will make your trip unforgettable.</p>\r\n<p style="text-align: justify;">&nbsp;</p>\r\n<p style="text-align: justify;">8. Join daily groups tripping to Pokhara - Lake Pewa - a perfect place to relax and charge your batteries.</p>\r\n<p style="text-align: justify;">&nbsp;</p>\r\n<p style="text-align: justify;">9. Patan-displays some of the finest collections of temples in the world. In August is launched celebrations of Krishna. Holy rituals and traditional reenactments.</p>\r\n<p style="text-align: justify;">&nbsp;</p>\r\n<p style="text-align: justify;">10. Trek the toughest route of Annapurna Circuit if you are adventure lover. This is an optical gallery of nature including the most beautiful places and breathtaking views in Nepal.</p>'),
(52, 36, 'en', 'Moldova', '', '<p style="text-align: justify;">1. Stroll around an unusual complex of an Archaeological Park Old Orhei with amazing views and caves carved in the rocks above the river. After you can walk down to village and taste a very good cheese pie or polenta at one of their restaurants.</p>\r\n<p style="text-align: justify;">2. Fell in love with sparkling Moldavian wine wandering through the wine cellars of Cricova - the largest wine cellars in the world: they stretch for about 120 km. This is a real underground city with streets named after famous wines. At the end, you will be privileged to taste the wine and food paying extra 5EUR.</p>\r\n<p style="text-align: justify;">3. Visit the cave of Cinderella with over 90 km of underground tunnels, and galleries and underground caves of Emila Rakovica, all in different colors: green, blue, red, white, and black.</p>\r\n<p style="text-align: justify;">4. Explore a natural phenomenon of &ldquo;Hundred Hills&rdquo;, a unique place with an area of 600 hectares, covered with hills of regular shape. This Nature sanctuary has a land rich for the architecture monuments tightly connected with the history of the country.</p>\r\n<p style="text-align: justify;">5. Hang out with your friends at Eli-Peli Vocal Room. Good music, soft atmosphere and tasty sarmale will make you Friday night enjoyable.</p>\r\n<p style="text-align: justify;">6. Experience gypsy architecture, lifestyle and culture touring to the city of Soroca. It is about 10-hour trip, so once you are planning on lunch, Andy&rsquo;s pizza is absolutely worth to visit.</p>\r\n<p style="text-align: justify;">7. Enjoy the magic silence at Saharna village. An absolute highlight are the waterfalls: Saharna River forms more than 20 waterfalls. At one point, the water forms a beautiful deep gulf which is called &ldquo;Gipsy Hole&rdquo;.</p>\r\n<p style="text-align: justify;">8. Book a tour to the fantastic Tipova Monastery (XI-XIV), carved into the rock, which is perfectly located at the foot of the hill on the Dniester. Important tip: it is encouraged to cover your shoulders and legs!</p>\r\n<p style="text-align: justify;">9. Learn more about the country visiting two floors of the National Museum of Moldova&rsquo;s Ethnography and History. Deserves your day!</p>'),
(53, 37, 'en', 'Thailand', '', '<p style="text-align: justify;">1. Gain an insight into what Thailand is really like as you drive towards the Big Buddha. It costs 30 million Baht to construct, but the giant religious statue is a tremendous sight.</p>\r\n<p style="text-align: justify;">2. Ride on a Tuk-tuk. These are not actually cheaper than taxis, so agree your fee before you get in, and have the exact destination you want in mind. They are noisy and dangerous, but they really are an experience you have to have in Thailand (even if only once). However, never get into a tuk-tuk near a tourist destination, as they are relying on picking up extravagant people and will charge you ten times the price.</p>\r\n<p style="text-align: justify;">3. Spend a marvelous vacation at six islands of The Phi Phi. The islands are some of the most beautiful sights in Thailand and are an unbelievable experience you cannot miss out. Their coral reefs are also great for diving and snorkeling.</p>\r\n<p style="text-align: justify;">4. Be relished having a classy Thai massage which tend to be a bit more brutal, but there are a number of different types to suit your wants and needs. Go for a foot or a head massage, as it is difficult for them to inflict pain in these areas (the shoulders is the most painful part of a Thai massage, as they dig their elbows into your joints).</p>\r\n<p style="text-align: justify;">5. Remind yourself something out of a pirate scene, with the steep limestone cliffs and the deep blue waters at Phang Nga Bay. Our recommendation would be to take a boat trip from Northern Phuket, which should last the entire day. The standard bus boat tours are not as great, so definitely go from Northern Phuket.</p>\r\n<p style="text-align: justify;">6. Undoubtedly, the main sight to see in Bangkok is Grand Palace and Wat Prakeaw, built in 1782. Remember if you decide to visit the Grand Palace, you should be wearing clothes that cover yourself up, as they will refuse entry to anyone in loose clothing.</p>\r\n<p style="text-align: justify;">7. Stop by the floating market boats that are filled to the brim with fruit and great tasting, healthy drinks. If you prefer, you could try a guided boat tour, where you can haggle with a group of tourists, stopping you feeling under pressure to buy.</p>\r\n<p style="text-align: justify;">8. The all-night-long parties in Thailand are known around the world and cannot be missed if you are up for a wild experience. Patong beach is favorite due to the best clubs and the wildest scenes in the country.&nbsp;</p>\r\n<p style="text-align: justify;">9. Hang out at the Calypso Cabaret checking ladyboys of Bangkok strutting their stuff in some outrageous and quite humorous costumes. This is a must, if you are in Bangkok, the city that seems to have everything.</p>\r\n<p style="text-align: justify;">10. Take a taste of a quintessential part of the Bangkok experience, which is its street food. Wherever you go in the city, food stalls are plentiful and you will find a high concentration of them in busy areas. Some street vendors operate in groups, especially in local markets, which means you can go to the same place every night and have a different choice of meal. Some even open around the clock.</p>'),
(54, 38, 'en', 'South Africa', '', '<p style="text-align: justify;">1. Start your city tour though Johannesburg visiting city&rsquo;s vibrant township, Carlton Centre&rsquo;s 50<sup>th</sup> floor, National Museum of Apartheid and the neighborhood&rsquo;s colorful &ldquo;shebeen&rdquo; bars!</p>\r\n<p style="text-align: justify;">2. Climb up to the stunning Table Mountain in Cape Town. For those who loves adventures, there is a cable car operating to the very top. Grab the best spot and enjoy the breathtaking views! It is extremely important to book in advance!</p>\r\n<p style="text-align: justify;">3. Attend a couple of cooking classes at The Little Pink Chef and recreate your very own chocolate sushi, gnocchi pasta and Chicken Tikka Masala.</p>\r\n<p style="text-align: justify;">4. Road trip to the Tsitsikamma Park on Garden route. Besides the gorgeous flora and fauna, this National Park is a good place to unwind, admire the spectacular views and taste the best Calamari.</p>\r\n<p style="text-align: justify;">5. Visit Cape of Good Hope &ndash; the most south western tip of African continent - when in Cape Town and admire the wonderful coastline of Chapman Pass.</p>\r\n<p style="text-align: justify;">6. Spend a couple of days at Kruger National Park &ndash; a huge area that hosts plenty of lions, impalas, hyenas, giraffes, elephants and wild dogs. Sunset guided tours are also available!</p>\r\n<p style="text-align: justify;">7. Test your friendship at HintHunt Club in Cape Town Central. You and your friends will try to escape the room in an hour by completing various tasks and cryptic puzzles. This is a highly challenging, fun and exciting experience for every kind of person.</p>\r\n<p style="text-align: justify;">8. Sample the super cool tasty beer touring to South African Breweries. Here you will also discover how beer is fermented and bottled in a great craft brewery. At the very end, you will be able to take home some of these fantastic tastes.</p>\r\n<p style="text-align: justify;">9. Book cheese and wine tour and have a great day visiting 4 beautiful vineyards, tasting over 20 wines, relaxing with amazing scenery and lunching outside overlooking the water.</p>\r\n<p style="text-align: justify;">10. Tour to the remarkable Robben Island &ndash; an absolute highlight while tripping to South Africa. This preserved island had imprisoned President Nelson Mandela for 18 years.</p>'),
(55, 39, 'en', 'Saudi Arabia', '', '<p style="text-align: justify;">1. If you visit only one place in Saudi-Arabia, let it be Madain Saleh. The other-worldly&nbsp;scenery, breath taking nature, and rich history make it a destination worth exploring for many days.The Hejaz railway built Ottomans runs through it. Nearby the town of Al-Ula boasts a&nbsp;beautiful&nbsp;oasis, museums, an old mud village and ruins and tombs of Khuraibah.</p>\r\n<p style="text-align: justify;">2. Spend your time by watching birds, diving and just relaxing on the beaches of Farasan Islands which is the favorite diving destination of&nbsp;Jacques&nbsp;Cousteau.</p>\r\n<p style="text-align: justify;">3. Hunt for antiques, art and souvenirs at the plaza. Several souvenir &amp; antique stores and art galleries are already open around the Diriyah marketplace area.&nbsp;</p>\r\n<p style="text-align: justify;">4. Visit and see the mosques: the old, the new and renovated ones. Probably one of the most famous mosques in all of Saudi Arabia is the Sheikh Mohamed bin Abdulwahab mosque, which is located next to the Diriyah city walls. Here Sheikh Mohammed bin Abdulwahab used to be its imam and deliver sermons.&nbsp;Many other mosques can be found around the newly inaugurated Al-Bujairi plaza area.=</p>\r\n<p style="text-align: justify;">5. Explore the new Al Bujairy center. Enjoy the amazing views to the palace and city ruins, have a picnic by the waterfalls or grab a coffee from one of the cafes. Exploring the Bujairy marketplace and surrounding area feels like stepping back in time.</p>\r\n<p style="text-align: justify;">6. Eat at the Najd Village restaurant. This is the third branch of the lovely&nbsp;Najd Village restaurants which serve traditional Saudi foods. You will be seated on the floor in your own Saudi style majlis or tent, while trying out all the different Najd food specialties at once!</p>\r\n<p style="text-align: justify;">7. Try the delicious foods&nbsp;of the Makkah area (especially the special drink Subiya, the mouthwatering Kabab).</p>\r\n<p style="text-align: justify;">8. Watch the famous Al-Baha&nbsp;region dances at Janadriyah Festival (February-April), which is one of the most important cultural event of the year and must visit for all expats in the Kingdom of Saudi Arabia.</p>\r\n<p style="text-align: justify;">9. Visit desert lakes such as Lake Kharrarah at the Red Sand dunes, which on the weekends hosts half of Riyadh for a picnic!</p>\r\n<p style="text-align: justify;">10. Discover the desert: &nbsp;never-ending sand dunes in different hues of orange, red, gold and yellow and the green&nbsp;Wadis and valleys, which are like oasis in the desert, to savanna-like areas with free roaming camels and acacia trees. It simply cannot be said it&rsquo;s boring to live in Riyadh with all this beauty out there.</p>'),
(56, 40, 'en', 'dfgfdg', '<p>dfgfdgdfg</p>', ''),
(57, 13, 'hy', '', '', ''),
(58, 17, 'hy', '', '', ''),
(59, 18, 'hy', '', '', ''),
(60, 19, 'hy', '', '', ''),
(61, 20, 'hy', '', '', ''),
(62, 21, 'hy', '', '', ''),
(63, 22, 'hy', '', '', ''),
(64, 23, 'hy', '', '', ''),
(65, 24, 'hy', '', '', ''),
(66, 25, 'hy', '', '', ''),
(67, 26, 'hy', '', '', ''),
(68, 27, 'hy', '', '', ''),
(69, 28, 'hy', '', '', ''),
(70, 29, 'hy', '', '', ''),
(71, 30, 'hy', '', '', ''),
(72, 31, 'hy', '', '', ''),
(73, 32, 'hy', '', '', ''),
(74, 33, 'hy', '', '', ''),
(75, 34, 'hy', '', '', ''),
(76, 35, 'hy', '', '', ''),
(77, 36, 'hy', '', '', ''),
(78, 37, 'hy', '', '', ''),
(79, 38, 'hy', '', '', ''),
(80, 39, 'hy', '', '', ''),
(81, 40, 'hy', '', '', '');

-- --------------------------------------------------------

--
-- Структура таблицы `adc_destination`
--

CREATE TABLE IF NOT EXISTS `adc_destination` (
  `id` int(11) unsigned NOT NULL,
  `date` date NOT NULL
) ENGINE=InnoDB AUTO_INCREMENT=42 DEFAULT CHARSET=utf8;

--
-- Дамп данных таблицы `adc_destination`
--

INSERT INTO `adc_destination` (`id`, `date`) VALUES
(40, '2016-02-26');

-- --------------------------------------------------------

--
-- Структура таблицы `adc_destination_images`
--

CREATE TABLE IF NOT EXISTS `adc_destination_images` (
  `id` int(11) NOT NULL,
  `parent_id` int(11) unsigned NOT NULL,
  `path` varchar(255) NOT NULL,
  `name` varchar(200) NOT NULL
) ENGINE=InnoDB AUTO_INCREMENT=7 DEFAULT CHARSET=utf8;

--
-- Дамп данных таблицы `adc_destination_images`
--

INSERT INTO `adc_destination_images` (`id`, `parent_id`, `path`, `name`) VALUES
(1, 40, 'public/uploads/destination/Koala.jpg', 'Koala.jpg'),
(2, 40, 'public/uploads/destination/Lighthouse.jpg', 'Lighthouse.jpg');

-- --------------------------------------------------------

--
-- Структура таблицы `adc_destination_translations`
--

CREATE TABLE IF NOT EXISTS `adc_destination_translations` (
  `id` int(11) NOT NULL,
  `parent_id` int(11) unsigned NOT NULL,
  `iso_code` varchar(5) NOT NULL,
  `title` varchar(100) NOT NULL,
  `summary` varchar(255) NOT NULL,
  `header` varchar(200) NOT NULL,
  `description` longtext NOT NULL
) ENGINE=InnoDB AUTO_INCREMENT=10 DEFAULT CHARSET=utf8;

--
-- Дамп данных таблицы `adc_destination_translations`
--

INSERT INTO `adc_destination_translations` (`id`, `parent_id`, `iso_code`, `title`, `summary`, `header`, `description`) VALUES
(6, 40, 'hy', 'fesf`khgl', '<p>hluiuliul</p>', 'hb', '<p>jhvbtuy8l</p>'),
(7, 40, 'en', 'Title here', '<p>Lorem Ipsum is that it has a more-or-less normal distribution of letters, as opposed to using ''Content here, content here'', making it look like readable English.</p>', 'hgcvh', '<p>It is a long established fact that a reader will be distracted by the readable content of a page when looking at its layout. The point of using Lorem Ipsum is that it has a more-or-less normal distribution of letters, as opposed to using ''Content here, content here'', making it look like readable English. Many desktop publishing packages and web page editors now use Lorem Ipsum as their default model text, and a search for ''lorem ipsum'' will uncover many web sites still in their infancy. Various versions have evolved over the years, sometimes by accident, sometimes on purpose (injected humour and the like).It is a long established fact that a reader will be distracted by the readable content of a page when looking at its layout. The point of using Lorem Ipsum is that it has a more-or-less normal distribution of letters, as opposed to using ''Content here, content here'', making it look like readable English. Many desktop publishing packages and web page editors now use Lorem Ipsum as their default model text, and a search for ''lorem ipsum'' will uncover many web sites still in their infancy. Various versions have evolved over the years, sometimes by accident, sometimes on purpose (injected humour and the like).It is a long established fact that a reader will be distracted by the readable content of a page when looking at its layout. The point of using Lorem Ipsum is that it has a more-or-less normal distribution of letters, as opposed to using ''Content here, content here'', making it look like readable English. Many desktop publishing packages and web page editors now use Lorem Ipsum as their default model text, and a search for ''lorem ipsum'' will uncover many web sites still in their infancy. Various versions have evolved over the years, sometimes by accident, sometimes on purpose (injected humour and the like).</p>');

-- --------------------------------------------------------

--
-- Структура таблицы `adc_feedbacks`
--

CREATE TABLE IF NOT EXISTS `adc_feedbacks` (
  `id` int(11) unsigned NOT NULL,
  `order` int(10) unsigned NOT NULL,
  `score` tinyint(3) NOT NULL
) ENGINE=InnoDB AUTO_INCREMENT=5 DEFAULT CHARSET=utf8;

--
-- Дамп данных таблицы `adc_feedbacks`
--

INSERT INTO `adc_feedbacks` (`id`, `order`, `score`) VALUES
(2, 2, 5),
(3, 3, 5),
(4, 0, 5);

-- --------------------------------------------------------

--
-- Структура таблицы `adc_feedback_translations`
--

CREATE TABLE IF NOT EXISTS `adc_feedback_translations` (
  `id` int(11) NOT NULL,
  `parent_id` int(11) unsigned NOT NULL,
  `iso_code` varchar(2) NOT NULL,
  `content` text NOT NULL,
  `customer_name` varchar(500) NOT NULL
) ENGINE=InnoDB AUTO_INCREMENT=9 DEFAULT CHARSET=utf8;

--
-- Дамп данных таблицы `adc_feedback_translations`
--

INSERT INTO `adc_feedback_translations` (`id`, `parent_id`, `iso_code`, `content`, `customer_name`) VALUES
(3, 2, 'en', '<p>MSF selected Lore Travel to provide transportation services from airport to the hotel and the&nbsp;opposite way for about 90 visitors coming from different countries. The company managed to organize&nbsp;shuttles in quite a smooth and timely manner by offering professional drivers and well-conditioned&nbsp;comfortable cars. It was a pleasure to work with the friendly and professional staff who showed&nbsp;patience and flexibility.</p>', 'Annabelle Djeribi, Head of Mission – Armenia (Medecins Sans Frontieres)'),
(4, 3, 'en', '<p>je voudrais vous remercier pour l&rsquo;excellente organisation de notre voyage eductour en Arm&eacute;nie. Le&nbsp;chauffeur &eacute;tait parfait et nous avons beaucoup appr&eacute;ci&eacute; le grand professionnalisme de notre guide. Vous&nbsp;nous avons fait aimer son &nbsp;ays&nbsp;!!!! C&rsquo;est un voyage inoubliable&nbsp;!!!</p>\r\n<p>J&rsquo;esp&egrave;re que j&rsquo;aurai encore l&rsquo;opportunit&eacute; d&rsquo;organiser d&rsquo;autres &eacute;ductours pour les agences de voyages&hellip;</p>\r\n<p>De toute fa&ccedil;on, une chose est certaine, je retournerai en Arm&eacute;nie</p>', 'Marianne Evans, Sales Manager at LOT Polish Airlines Mommaertslaan (LOT Polish Airlines)'),
(5, 4, 'en', '<p>I would like to say some words about Lore Travel Team as our cooperation with them is more than 10 years. I want to mention that the staff is very professional, operative, attentive, respectful and competent. I have the experience with all departments, and all employees are in common style and meet the same criteria. Even when the staff change, followers always work in same corporative style. I appreciate Lore Travel&rsquo;s working way very high and can recommend them as a very reliable partner.</p>', 'Lana Karlova, Erasmus'),
(6, 2, 'hy', '', ''),
(7, 3, 'hy', '', ''),
(8, 4, 'hy', '', '');

-- --------------------------------------------------------

--
-- Структура таблицы `adc_languages`
--

CREATE TABLE IF NOT EXISTS `adc_languages` (
  `id` int(11) NOT NULL,
  `iso_code` varchar(2) NOT NULL,
  `name_english` varchar(20) NOT NULL,
  `name_origin` varchar(40) NOT NULL,
  `is_active` tinyint(1) NOT NULL,
  `may_be_admin` tinyint(1) NOT NULL,
  `order` int(11) NOT NULL DEFAULT '0',
  `flag` varchar(20) NOT NULL,
  `is_admin` tinyint(1) NOT NULL,
  `is_default` tinyint(1) NOT NULL,
  `is_hidden` tinyint(1) NOT NULL
) ENGINE=InnoDB AUTO_INCREMENT=17 DEFAULT CHARSET=utf8;

--
-- Дамп данных таблицы `adc_languages`
--

INSERT INTO `adc_languages` (`id`, `iso_code`, `name_english`, `name_origin`, `is_active`, `may_be_admin`, `order`, `flag`, `is_admin`, `is_default`, `is_hidden`) VALUES
(1, 'hy', 'Armenian', 'Հայերեն', 1, 1, 1, 'hy.png', 0, 0, 0),
(2, 'ru', 'Russian', 'Русский', 0, 1, 0, 'ru.gif', 0, 0, 0),
(3, 'en', 'English', 'English', 1, 1, 0, 'en.png', 1, 1, 0),
(4, 'ge', 'Georgian', 'ქართული', 0, 0, 0, 'ge.gif', 0, 0, 0),
(5, 'fr', 'French', 'Français', 0, 0, 0, 'fr.gif', 0, 0, 0),
(6, 'es', 'Spanish', 'español', 0, 0, 0, 'es.gif', 0, 0, 0),
(7, 'de', 'German', 'Deutsch', 0, 0, 0, 'de.gif', 0, 0, 0),
(8, 'it', 'Italian', 'italiano', 0, 0, 0, 'it.gif', 0, 0, 0),
(9, 'tr', 'Turkish', 'Türk', 0, 0, 0, 'tr.gif', 0, 0, 0),
(10, 'kz', 'Kazakh', 'Қазақ', 0, 0, 0, 'kz.gif', 0, 0, 0),
(13, 'by', 'Belorussian', 'беларускі', 0, 0, 0, 'by.gif', 0, 0, 0),
(16, 'gr', 'Greek', 'ελληνικά', 0, 0, 0, 'gr.gif', 0, 0, 0);

-- --------------------------------------------------------

--
-- Структура таблицы `adc_our_partners`
--

CREATE TABLE IF NOT EXISTS `adc_our_partners` (
  `id` int(11) unsigned NOT NULL,
  `file` varchar(255) NOT NULL,
  `order` int(10) unsigned NOT NULL,
  `link` varchar(500) NOT NULL
) ENGINE=InnoDB AUTO_INCREMENT=27 DEFAULT CHARSET=utf8;

--
-- Дамп данных таблицы `adc_our_partners`
--

INSERT INTO `adc_our_partners` (`id`, `file`, `order`, `link`) VALUES
(22, '66003687fdce4e6197cbaf816ca8fd17_7e0b5.jpg', 0, 'partners'),
(23, '66003687fdce4e6197cbaf816ca8fd17_202b4.jpg', 0, 'partners'),
(24, 'bbb83575ebe4463eadc257373a73ff06_c1e7d.jpg', 0, 'lorem-ipsum'),
(25, '1b1fe64d2c414bec938f87409420d450_00831.jpg', 0, 'lorem-ipsum'),
(26, 'bbb83575ebe4463eadc257373a73ff06_bfca3.jpg', 0, 'lorem-ipsum');

-- --------------------------------------------------------

--
-- Структура таблицы `adc_our_partners_translations`
--

CREATE TABLE IF NOT EXISTS `adc_our_partners_translations` (
  `id` int(11) NOT NULL,
  `parent_id` int(11) unsigned NOT NULL,
  `iso_code` varchar(2) NOT NULL,
  `content` text NOT NULL,
  `name` text NOT NULL
) ENGINE=InnoDB AUTO_INCREMENT=61 DEFAULT CHARSET=utf8;

--
-- Дамп данных таблицы `adc_our_partners_translations`
--

INSERT INTO `adc_our_partners_translations` (`id`, `parent_id`, `iso_code`, `content`, `name`) VALUES
(51, 22, 'hy', 'Partners', 'Partners'),
(52, 22, 'en', 'Partners', 'Partners'),
(53, 23, 'hy', 'Partner', 'Partner'),
(54, 23, 'en', 'Partners', 'Partners'),
(55, 24, 'hy', 'Lorem ipsum', 'Lorem Ipsum'),
(56, 24, 'en', 'Lorem ipsum', 'Lorem ipsum'),
(57, 25, 'hy', 'Lorem ipsum', 'Lorem Ipsum'),
(58, 25, 'en', 'Lorem ipsum', 'Lorem ipsum'),
(59, 26, 'hy', 'Lorem ipsum', 'Lorem Ipsum'),
(60, 26, 'en', 'Lorem ipsum', 'Lorem ipsum');

-- --------------------------------------------------------

--
-- Структура таблицы `adc_our_sertificates`
--

CREATE TABLE IF NOT EXISTS `adc_our_sertificates` (
  `id` int(11) unsigned NOT NULL,
  `file` varchar(255) NOT NULL,
  `order` int(10) unsigned NOT NULL,
  `link` varchar(500) NOT NULL,
  `incoming_outgoing` tinyint(4) NOT NULL
) ENGINE=InnoDB AUTO_INCREMENT=27 DEFAULT CHARSET=utf8;

--
-- Дамп данных таблицы `adc_our_sertificates`
--

INSERT INTO `adc_our_sertificates` (`id`, `file`, `order`, `link`, `incoming_outgoing`) VALUES
(22, 'c7ad2b64020342d0ae1a1feace158fe9_1_6555c.jpg', 1, 'sertificates', 0),
(23, 'a9ff3b_2919fbec56cb4c3086b8159d5aa04b2e_089b7.jpg', 2, 'sertificates', 0),
(24, '66003687fdce4e6197cbaf816ca8fd17_d28d7.jpg', 3, 'sertificates', 0),
(25, '3660b797a48b4401948dd686a7c625db_8abc0.jpeg', 0, 'lorem-ipsum', 0),
(26, '1b1fe64d2c414bec938f87409420d450_85605.jpg', 0, 'about-about', 0);

-- --------------------------------------------------------

--
-- Структура таблицы `adc_our_sertificates_translations`
--

CREATE TABLE IF NOT EXISTS `adc_our_sertificates_translations` (
  `id` int(11) NOT NULL,
  `parent_id` int(11) unsigned NOT NULL,
  `iso_code` varchar(2) NOT NULL,
  `content` text NOT NULL,
  `name` text NOT NULL
) ENGINE=InnoDB AUTO_INCREMENT=61 DEFAULT CHARSET=utf8;

--
-- Дамп данных таблицы `adc_our_sertificates_translations`
--

INSERT INTO `adc_our_sertificates_translations` (`id`, `parent_id`, `iso_code`, `content`, `name`) VALUES
(51, 22, 'hy', 'Sertificates', 'Sertificates'),
(52, 22, 'en', 'Sertificates', 'Sertificates'),
(53, 23, 'hy', 'Sertificates', 'Sertificates'),
(54, 23, 'en', 'Sertificates', 'Sertificates'),
(55, 24, 'hy', 'Sertificates', 'Sertificates'),
(56, 24, 'en', 'Sertificates', 'Sertificates'),
(57, 25, 'hy', 'Lorem ipsum', 'Lorem ipsum'),
(58, 25, 'en', 'Lorem ipsum', 'Lorem ipsum'),
(59, 26, 'hy', 'Lorem ipsum', 'Lorem Ipsum'),
(60, 26, 'en', 'Lorem ipsum', 'Lorem ipsum');

-- --------------------------------------------------------

--
-- Структура таблицы `adc_our_team`
--

CREATE TABLE IF NOT EXISTS `adc_our_team` (
  `id` int(11) unsigned NOT NULL,
  `file` varchar(255) NOT NULL,
  `order` int(10) unsigned NOT NULL,
  `link` varchar(500) NOT NULL,
  `incoming_outgoing` tinyint(4) NOT NULL
) ENGINE=InnoDB AUTO_INCREMENT=25 DEFAULT CHARSET=utf8;

--
-- Дамп данных таблицы `adc_our_team`
--

INSERT INTO `adc_our_team` (`id`, `file`, `order`, `link`, `incoming_outgoing`) VALUES
(21, 'bbb83575ebe4463eadc257373a73ff06_2a08a.jpg', 1, 'team', 0),
(22, '66003687fdce4e6197cbaf816ca8fd17_5bf26.jpg', 0, 'lore', 0),
(23, 'bbb83575ebe4463eadc257373a73ff06_1c992.jpg', 0, 'lorem-ipsum', 0),
(24, '66003687fdce4e6197cbaf816ca8fd17_aecb7.jpg', 0, 'lore', 0);

-- --------------------------------------------------------

--
-- Структура таблицы `adc_our_team_translations`
--

CREATE TABLE IF NOT EXISTS `adc_our_team_translations` (
  `id` int(11) NOT NULL,
  `parent_id` int(11) unsigned NOT NULL,
  `iso_code` varchar(2) NOT NULL,
  `content` text NOT NULL,
  `name` text NOT NULL
) ENGINE=InnoDB AUTO_INCREMENT=57 DEFAULT CHARSET=utf8;

--
-- Дамп данных таблицы `adc_our_team_translations`
--

INSERT INTO `adc_our_team_translations` (`id`, `parent_id`, `iso_code`, `content`, `name`) VALUES
(49, 21, 'hy', 'team', 'team'),
(50, 21, 'en', 'team', 'team'),
(51, 22, 'hy', 'Karl ', 'director'),
(52, 22, 'en', 'Karl ', 'director'),
(53, 23, 'hy', 'Karl ', 'Karl '),
(54, 23, 'en', 'Karl ', 'Karl '),
(55, 24, 'hy', 'Karl ', 'Karl '),
(56, 24, 'en', 'Karl ', 'Karl ');

-- --------------------------------------------------------

--
-- Структура таблицы `adc_partners`
--

CREATE TABLE IF NOT EXISTS `adc_partners` (
  `id` int(11) unsigned NOT NULL,
  `file` varchar(255) NOT NULL,
  `order` int(10) unsigned NOT NULL,
  `link` varchar(500) NOT NULL,
  `simple_educational` tinyint(4) NOT NULL
) ENGINE=InnoDB AUTO_INCREMENT=52 DEFAULT CHARSET=utf8;

--
-- Дамп данных таблицы `adc_partners`
--

INSERT INTO `adc_partners` (`id`, `file`, `order`, `link`, `simple_educational`) VALUES
(1, '3455_6c97d.png', 27, '', 1),
(4, '6016_81f6b.jpg', 46, '', 1),
(5, '993683_515442971859064_728548566_n_5687b.png', 20, '', 1),
(6, '1313842952_936321_f832e.png', 36, '', 1),
(7, 'abott_bac5a.png', 28, '', 1),
(8, 'American_embassy_0c67a.png', 15, '', 1),
(9, 'Asian_Development_Bank_Recruitment_7268b.jpg', 34, '', 1),
(10, 'brand_435ab.gif', 13, '', 1),
(11, 'british_counsil_9d68b.png', 35, '', 1),
(12, 'British_embassy_yerevan_0d09d.png', 10, '', 1),
(13, 'Caritas_Armenia_Logo_57c14.jpg', 9, '', 1),
(14, 'carrefour_2966a.png', 29, '', 1),
(15, 'coca_cola_5ffb2.png', 30, '', 1),
(16, 'COE_Logo_Quadri_63e5e.png', 31, '', 1),
(17, 'download_1_d7181.png', 23, '', 1),
(18, 'download_72b4d.png', 12, '', 1),
(19, 'Ericsson_895b1.png', 24, '', 1),
(20, 'gt_colour_f3501.gif', 11, '', 1),
(21, 'images_d5102.png', 22, '', 1),
(22, 'int_osc1_adc8f.gif', 32, '', 1),
(24, 'QuestradeLogo_5bafc.jpg', 33, '', 1),
(25, 'redcross_49e46.png', 25, '', 1),
(26, 'UFC_d4f2f.png', 18, '', 1),
(27, 'USAID_0a723.png', 17, '', 1),
(28, 'ardmore_9c6e4.png', 37, '', 2),
(29, 'Cambridge_Education_Group_logo_27984.jpg', 19, 'http://www.cambridgeeducationgroup.com/', 2),
(30, 'download_617d4.jpg', 39, '', 2),
(31, 'icef_53b99.png', 38, '', 2),
(32, 'III_Language_Schools_db38d.jpg', 43, '', 2),
(33, 'kaplan_int_colleges_logo_4cf7f.jpg', 44, '', 2),
(34, 'Logo1_1fca7.jpg', 45, '', 2),
(35, 'Logo_200px_a369f.gif', 40, '', 2),
(36, 'London_School_of_Business_and_Finance_LSBF_logo_512b6.png', 42, '', 2),
(37, 'StudygroupLogo_1_6c29c.jpg', 41, '', 2),
(39, 'orange_ccc3a.png', 2, '', 1),
(40, 'transparency_36fb4.png', 4, '', 1),
(41, 'bridge_28130.jpg', 5, '', 1),
(42, 'kamurj_49db6.jpg', 6, '', 1),
(43, 'oracle_6e0d7.png', 7, '', 1),
(44, 'jinishian_f4450.png', 14, '', 1),
(46, 'cqg_7f797.jpg', 3, '', 1),
(47, 'Smart_constr_92d95.jpg', 26, '', 1),
(48, 'press_6d562.jpg', 16, '', 1),
(49, 'erasmus_693b3.jpg', 21, '', 1),
(50, 'ni_6116a.png', 8, '', 1),
(51, 'media_faf6b.jpg', 1, '', 1);

-- --------------------------------------------------------

--
-- Структура таблицы `adc_slider`
--

CREATE TABLE IF NOT EXISTS `adc_slider` (
  `id` int(11) unsigned NOT NULL,
  `file` varchar(255) NOT NULL,
  `order` int(11) unsigned NOT NULL,
  `link` varchar(500) NOT NULL
) ENGINE=InnoDB DEFAULT CHARSET=utf8;

--
-- Дамп данных таблицы `adc_slider`
--

INSERT INTO `adc_slider` (`id`, `file`, `order`, `link`) VALUES
(48, '3660b797a48b4401948dd686a7c625db_58991.jpeg', 3, ''),
(49, 'a9ff3b_38d2c8f4a16e498ab7df390b9f5486db_fa169.jpg', 4, '#'),
(53, '3660b797a48b4401948dd686a7c625db_d1439.jpeg', 2, '#'),
(56, '99ec98fdb81945c29c25a3ad6c5606b1_d273f.jpg', 1, '');

-- --------------------------------------------------------

--
-- Структура таблицы `adc_slider_translations`
--

CREATE TABLE IF NOT EXISTS `adc_slider_translations` (
  `id` int(11) NOT NULL,
  `parent_id` int(11) unsigned NOT NULL,
  `iso_code` varchar(2) NOT NULL,
  `content` text NOT NULL,
  `title` varchar(500) NOT NULL,
  `link_text` varchar(100) NOT NULL
) ENGINE=InnoDB DEFAULT CHARSET=utf8;

--
-- Дамп данных таблицы `adc_slider_translations`
--

INSERT INTO `adc_slider_translations` (`id`, `parent_id`, `iso_code`, `content`, `title`, `link_text`) VALUES
(39, 48, 'en', '', 'Seeing the World, Through the Eyes of My Lens', 'Tours'),
(40, 49, 'en', '', 'Seeing the World, Through the Eyes of My Lens', 'Tours'),
(44, 53, 'en', '', 'Seeing the World, Through the Eyes of My Lens', 'Tours'),
(47, 56, 'en', '', 'Seeing the World, Through the Eyes of My Lens', 'Tours '),
(48, 48, 'hy', '', '', ''),
(49, 49, 'hy', '', '', ''),
(50, 53, 'hy', '', '', ''),
(51, 56, 'hy', '', '', '');

-- --------------------------------------------------------

--
-- Структура таблицы `adc_tours`
--

CREATE TABLE IF NOT EXISTS `adc_tours` (
  `id` int(11) unsigned NOT NULL,
  `TYPE` tinyint(4) NOT NULL,
  `thumb` varchar(255) DEFAULT NULL,
  `main_img` varchar(255) NOT NULL,
  `slug` varchar(100) NOT NULL,
  `order` int(10) unsigned NOT NULL
) ENGINE=InnoDB AUTO_INCREMENT=22 DEFAULT CHARSET=utf8;

--
-- Дамп данных таблицы `adc_tours`
--

INSERT INTO `adc_tours` (`id`, `TYPE`, `thumb`, `main_img`, `slug`, `order`) VALUES
(1, 1, 'MOUNTAINS_OF_ARMENIA_d4941.jpg', 'MOUNTAINS_OF_ARMENIA1_d4941_6d323.jpg', '10-days-in-the-mountains-of-armenia', 2),
(2, 1, '4_days_around_armenia_b1841.jpg', '4_days_around_armenia1_b1841_2fd17.jpg', '4-days-around-armenia', 1),
(3, 2, 'image001_94792.jpg', 'large_94792_57f62.jpg', 'new-york-night-tour-sightseeing-night-tour-with-open-loop', 8),
(4, 2, 'FC_BARCELONA_vs_REAL_MADRID__EL_e315a.jpg', 'FC_BARCELONA_vs_REAL_MADRID__EL_e315a_d7be4.jpg', 'fc-barcelona-vs-real-madrid-el-classico', 9),
(5, 1, '5_DAYS_AROUND_ARMENIA_3124d.jpg', '5_DAYS_AROUND_ARMENIA1_3124d_d75a5.jpg', '5-days-around-armenia', 0),
(6, 1, '5_DAY_BRANDY_TOUR_to_ARMENIA_7015b.jpg', '5_DAY_BRANDY_TOUR_to_ARMENIA1_7015b_37cbb.jpg', '5-day-brandy-tour-to-armenia', 0),
(7, 1, 'jermuk_25065.jpg', 'jermuk1_25065_029a3.jpg', '14-days-medical-tour-to-jermouk', 0),
(8, 2, 'image001_7bdc2.jpg', 'image004_7bdc2_d80e1.jpg', 'classic-italy', 2),
(9, 2, 'olympics_020814_russia_sochi_048_a03de.jpg', 'image001_a03de_6a88e.jpg', 'skiing-in-sochi', 5),
(10, 2, 'image001_5fe27.jpg', 'Brazilian_Rio_Carnival_Colorful_Scenes_5fe27_1efa0.jpg', 'rio-carnival-2016', 7),
(11, 2, 'image001_048df.jpg', 'cruise1320x742_048df_9a692.jpg', 'cruise-by-mediterranean', 3),
(12, 2, 'image001_c3ae6.jpg', 'mnc_monaco_princespalace_dt_l_28443258__701x466_q85_crop_c3ae6_9d183.jpg', '8-day-excursion-in-europe', 1),
(13, 2, 'image001_a3731.jpg', 'P150824052_Arsenal_Liverpool_1024x751_a3731_0da38.jpg', 'liverpool-vs-arsenal-fc-english-premiere-league', 10),
(14, 2, 'image001_eab68.jpg', 'tumblr_n2bsanFwHU1rctcobo1_1280_eab68_dba00.jpg', 'medical-spa-treatments-in-karlovy-vary', 4),
(15, 2, 'image002_57d97.jpg', 'IDC_47_photodune_2191232_wedding_beach_archway_xs_57d97_369b9.jpg', 'your-wedding-in-cube', 6),
(16, 3, 'image001_9d14a.png', 'malta_bugibba_2_9d14a_aeaf6.jpg', 'language-school-abroad-easter-package', 0),
(17, 2, 'athens1_60361.jpg', 'athens_33658_51bf4.jpg', 'athens-tour', 0),
(18, 2, 'prague3_f91e9.jpg', 'IMG_1679_b18ce.JPG', 'prague-tour', 0),
(19, 2, 'mle1_40bf3.jpg', 'mle2_40bf3_5dbc6.jpg', 'maldives-tour', 0),
(20, 2, 'Koala_b022f.jpg', 'qt8YdgnOvSI_fb8e5.jpg', 'aszda', 0),
(21, 2, 'Penguins_84405.jpg', 'RglNWD_0mf0_84405.jpg', 's', 0);

-- --------------------------------------------------------

--
-- Структура таблицы `adc_tour_country`
--

CREATE TABLE IF NOT EXISTS `adc_tour_country` (
  `id` int(11) NOT NULL,
  `tour_id` int(11) unsigned NOT NULL,
  `country_id` int(11) unsigned NOT NULL
) ENGINE=InnoDB AUTO_INCREMENT=32 DEFAULT CHARSET=utf8;

--
-- Дамп данных таблицы `adc_tour_country`
--

INSERT INTO `adc_tour_country` (`id`, `tour_id`, `country_id`) VALUES
(25, 19, 21),
(26, 12, 22),
(28, 14, 30),
(29, 11, 22),
(30, 21, 23),
(31, 21, 26);

-- --------------------------------------------------------

--
-- Структура таблицы `adc_tour_gallery`
--

CREATE TABLE IF NOT EXISTS `adc_tour_gallery` (
  `id` int(11) unsigned NOT NULL,
  `tour_id` int(11) unsigned NOT NULL,
  `file` varchar(255) NOT NULL,
  `order` int(10) unsigned NOT NULL
) ENGINE=InnoDB AUTO_INCREMENT=23 DEFAULT CHARSET=utf8;

--
-- Дамп данных таблицы `adc_tour_gallery`
--

INSERT INTO `adc_tour_gallery` (`id`, `tour_id`, `file`, `order`) VALUES
(3, 3, 'image002_e2dab.jpg', 0),
(4, 3, 'image003_a5f66.jpg', 0),
(5, 8, 'image002_e4cd7_74fc5.jpg', 0),
(6, 8, 'image003_ae064.jpg', 0),
(7, 9, 'image002_d414e.jpg', 0),
(8, 9, 'image003_653d7.jpg', 0),
(9, 9, 'image004_1fc16.jpg', 0),
(10, 9, 'image005_7faad.jpg', 0),
(11, 9, 'image006_b12b6.jpg', 0),
(12, 10, 'image002_1520a.jpg', 0),
(13, 10, 'image003_795e3.jpg', 0),
(14, 11, 'image002_a163e.jpg', 0),
(15, 11, 'image003_70290.jpg', 0),
(16, 12, 'image003_42d19.jpg', 0),
(18, 13, 'image002_a3e3f.jpg', 0),
(19, 14, 'image003_939a6.jpg', 0),
(20, 14, 'image005_ab5c7.png', 0),
(21, 15, 'image003_19a47.png', 0),
(22, 15, 'image004_7c954.jpg', 0);

-- --------------------------------------------------------

--
-- Структура таблицы `adc_tour_gallery_translations`
--

CREATE TABLE IF NOT EXISTS `adc_tour_gallery_translations` (
  `id` int(11) NOT NULL,
  `parent_id` int(11) unsigned NOT NULL,
  `iso_code` varchar(2) NOT NULL,
  `content` text NOT NULL
) ENGINE=InnoDB AUTO_INCREMENT=44 DEFAULT CHARSET=utf8;

--
-- Дамп данных таблицы `adc_tour_gallery_translations`
--

INSERT INTO `adc_tour_gallery_translations` (`id`, `parent_id`, `iso_code`, `content`) VALUES
(5, 3, 'en', ''),
(6, 4, 'en', ''),
(7, 5, 'en', ''),
(8, 6, 'en', ''),
(9, 7, 'en', ''),
(10, 8, 'en', ''),
(11, 9, 'en', ''),
(12, 10, 'en', ''),
(13, 11, 'en', ''),
(14, 12, 'en', ''),
(15, 13, 'en', ''),
(16, 14, 'en', ''),
(17, 15, 'en', ''),
(18, 16, 'en', ''),
(20, 18, 'en', ''),
(21, 19, 'en', ''),
(22, 20, 'en', ''),
(23, 21, 'en', ''),
(24, 22, 'en', ''),
(25, 3, 'hy', ''),
(26, 4, 'hy', ''),
(27, 5, 'hy', ''),
(28, 6, 'hy', ''),
(29, 7, 'hy', ''),
(30, 8, 'hy', ''),
(31, 9, 'hy', ''),
(32, 10, 'hy', ''),
(33, 11, 'hy', ''),
(34, 12, 'hy', ''),
(35, 13, 'hy', ''),
(36, 14, 'hy', ''),
(37, 15, 'hy', ''),
(38, 16, 'hy', ''),
(39, 18, 'hy', ''),
(40, 19, 'hy', ''),
(41, 20, 'hy', ''),
(42, 21, 'hy', ''),
(43, 22, 'hy', '');

-- --------------------------------------------------------

--
-- Структура таблицы `adc_tour_translations`
--

CREATE TABLE IF NOT EXISTS `adc_tour_translations` (
  `id` int(11) NOT NULL,
  `parent_id` int(10) unsigned NOT NULL,
  `iso_code` varchar(2) NOT NULL,
  `name` varchar(200) NOT NULL,
  `description` text,
  `description_long` text NOT NULL,
  `description_additional` text NOT NULL
) ENGINE=InnoDB AUTO_INCREMENT=50 DEFAULT CHARSET=utf8;

--
-- Дамп данных таблицы `adc_tour_translations`
--

INSERT INTO `adc_tour_translations` (`id`, `parent_id`, `iso_code`, `name`, `description`, `description_long`, `description_additional`) VALUES
(2, 1, 'en', '10-DAYS IN THE MOUNTAINS OF ARMENIA', '<p>Seasonality : January-February</p>', '<p style="text-align: justify;"><strong>Day 1</strong>. Meeting with our representatives at &ldquo;Zvartnots&rdquo; Intl Airport.&nbsp;Transfer to Tsaghkadzor en route a round-up excursion through&nbsp;Yerevan City with highly qualified guide. Lunch in the national tavern.&nbsp;You&rsquo;ll be given an opportunity to taste famous Armenian wine and&nbsp;sweets. Check-in to &ldquo;Tsaghkadzor Marriott 5*&rdquo; Hotel. Rest.</p>\r\n<p style="text-align: justify;"><strong>Day 2.</strong> Excursion to Garni and Geghard &ndash; 2 monuments that are&nbsp;included in <strong>UNESCO Heritage list</strong>. Garni is<strong> the only &ldquo;witness&rdquo; of&nbsp;Hellenic Epoch of Armenia</strong> After numerous attacks of Romans the&nbsp;temple was reconstructed and dedicated to Mithra, the God of Sun, in&nbsp;77AD. A grotto monastery Geghard is situated at the distance of 9 km&nbsp;from Garni. We know that even at the beginning of IVth century there&nbsp;was a cloister named Ayrivank (arm &ldquo;cavy monastery&rdquo;) due to its&nbsp;location in natural and artificial caves.</p>\r\n<p style="text-align: justify;"><strong>Day 3</strong>. Excursion to Ejmiatsin and Zvartnots &ndash; centuries-old monuments, members of <strong>UNESCO Heritage list</strong>. Visiting the&nbsp;churches of 3 Virgins: church of St.Hripsimeh (618), domical basilica of St.Gayaneh (630) and church of Shoghakat (1694). The&nbsp;Cathedral of Ejmiatsin is the official residence of Armenian Catholicos. Trip will continue up to Zvartnots - the temple of Vigil&nbsp;Forces (IX century).</p>\r\n<p style="text-align: justify;"><strong>Day 4-9</strong>. Free days. Here you can organize your time in the way you desire : ski and snowboard in the mountains, wind surf,&nbsp;make a snowman, play bowling, attend different parties in the club, drink hot chocolate in cozy cafes, and just enjoy an amazing&nbsp;atmosphere of winter holiday.</p>\r\n<p style="text-align: justify;"><strong>Day 10</strong>. Support during check-out. Trip to the &ldquo;Armenian pearl&rdquo;, which is so marvelous at any season! Don&rsquo;t miss your chance to&nbsp;visit Sevanavank monastery on the peninsula and to taste famous Armenian trout right after in a cozy restaurant on the cost of&nbsp;Lake Sevan. Transfer to the airport. Farewells with our staff after getting memorable gifts from &ldquo;Lore Travel&rdquo;.</p>', ''),
(4, 2, 'en', '4-DAYS AROUND ARMENIA', '<p>Seasonality : All year round!</p>', '<p style="text-align: justify;"><strong>Day 1</strong>. Meeting with our representatives at &ldquo;Zvartnots&rdquo; Intl&nbsp;Airport. Lunch in the national tavern in Yerevan. Transfer to the&nbsp;hotel. Support during check-in. Rest at the hotel. Evening&nbsp;sightseeing tour by minivan and several stops for hiking:&nbsp;Cascade, the House of Opera and Bally, Swan Lake, monuments&nbsp;of H. Tumanyan, A. Spendaryan, A. Babajanyan. Singing color&nbsp;Fountains at the Republic Square.</p>\r\n<p style="text-align: justify;"><strong>Day 2</strong>. Excursion to Garni and Geghard &ndash; 2 monuments that are&nbsp;included in <strong>UNESCO Heritage list</strong>. Garni is <strong>the only &ldquo;witness&rdquo;&nbsp;of Hellenic Epoch of Armenia</strong> After numerous attacks of&nbsp;Romans the temple was reconstructed and dedicated to Mithra,&nbsp;the God of Sun, in 77AD. A grotto monastery Geghard is situated&nbsp;at the distance of 9 km from Garni. We know that even at the beginning of IVth century there was a cloister named Ayrivank (arm&nbsp;&ldquo;cavy monastery&rdquo;) due to its location in natural and artificial caves. Return to Yerevan. Our staff will advise how to use most&nbsp;effectively their free time in the city.</p>\r\n<p style="text-align: justify;"><strong>Day 3</strong>. Visiting Matenadaran where almost <strong>17 thousand ancient manuscripts</strong> are kept. Trip to the &ldquo;Armenian pearl&rdquo;, which is&nbsp;so marvelous at any season! Excursion to Haghartsin Monastery which became a major center of spiritual and cultural life of the&nbsp;region already in XII century.</p>\r\n<p style="text-align: justify;"><strong>Day 4</strong>. Support during check-out. Transfer to the city of Ejmiatsin - the spiritual capital of Armenia. Visit the Cathedral and the&nbsp;Museum Ejmiatsin, where you will have a great opportunity to see the tip of the spear (arm. "gegard"), which was pierced Christ&nbsp;by the Roman legionary. Transfer to the airport 2 hours before departure. Farewells with our staff after getting memorable gifts&nbsp;from &ldquo;Lore Travel&rdquo;.</p>', ''),
(6, 3, 'en', 'NEW YORK NIGHT TOUR / SIGHTSEEING NIGHT TOUR WITH OPEN LOOP', '<p>from <strong>AMD 28,130</strong> per adult</p>', '<p style="text-align: justify;">- Explore the &ldquo;city that never sleeps&rdquo; aboard this open-top New York sightseeing tour. This bus tour takes you to Brooklyn for&nbsp;breathtaking views of the Manhattan skyline. Enjoy night time views of Times Square, Rockefeller Center, The Empire State Building, the&nbsp;Lower East Side, Chinatown, Little Italy, the Brooklyn Bridge and more. Board the open-top, double-decker bus at 51st and Broadway and&nbsp;sit back and relax as you&rsquo;ve driven through the city illuminated at night. Cruise across the Brooklyn Bridge to capture views of&nbsp;Manhattan skyline. The views at night are stunning! Return to 51st and Broadway to conclude your tour.</p>\r\n<p style="text-align: justify;">- Departure dates : daily Monday to Sunday</p>\r\n<p style="text-align: justify;">- Departure Point : 51st and Broadway</p>\r\n<p style="text-align: justify;">- Departure Time : 19:00, 20:00, 21:00, 22:00</p>\r\n<p style="text-align: justify;">- Return details : returns to the original departure point</p>', '<p><strong>DURATION</strong>&nbsp;: 1 day</p>\r\n<p><strong>PRICE</strong>&nbsp;: from AMD28,130 per adult</p>'),
(11, 4, 'en', 'FC BARCELONA vs REAL MADRID / EL  CLASSICO', '<p>from<strong> AMD 317000</strong> per person</p>', '<p style="text-align: justify;">- Once booked, this product cannot be refunded<br /><strong></strong></p>\r\n<p style="text-align: justify;">- The exact date and time of the events are usually announced 7-10 days before the event and are&nbsp;updated on our web sites. It is the buyer&rsquo;s responsibility to keep track of these changes. There is&nbsp;no refund policy due to change in date and/or time of the event.</p>\r\n<p style="text-align: justify;">- Tickets, you purchase on our web page, are provided on market prices. Prices charged for the&nbsp;products may be above or below the actual price on the ticket (face value). These prices may&nbsp;change accordingly to supply and demand for that specific event.</p>\r\n<p style="text-align: justify;">- All sales are final. It is not possible to make any cancellations, have refunds after the full&nbsp;payment or due to change in date and/or time of the event.</p>\r\n<p style="text-align: justify;">- In the case of a postponement or cancellation of an event, we will act according to the decisions&nbsp;of event promoter. If there is a rescheduled date announced, ticket would be valid for the new&nbsp;date. If the event is cancelled and no new date is available, we will refund the full face value&nbsp;written on the ticket.</p>\r\n<p style="text-align: justify;">- For this event there is no extra charge for local deliveries in or near city center of the event, and&nbsp;will be done at least 24 hours before the event start time. If your address is not in the city&nbsp;center, we reserve the right to offer you an alternative delivery or charge you extra for delivery.&nbsp;If the tickets purchased are electronic tickets, it&rsquo;ll be sent to the client&rsquo;s registered email address&nbsp;at least 24hrs before the event start time in pdf format. In that case, it is the client&rsquo;s&nbsp;responsibility to print these tickets and bring it with them to the event.</p>\r\n<p style="text-align: justify;">- In some events we may request attendant&rsquo;s passport copies, names, surnames, date of birth&nbsp;and/or nationality, which has to be clearly provided by the client at the time of booking. We do&nbsp;not take a responsibility for any failed delivery attempts due to late or wrong information&nbsp;provided.</p>\r\n<p style="text-align: justify;">- In some cases, tickets will be provided in the form of season cards. These season cards will need&nbsp;to be collected back after the game. If season cards are provided, they will come with a return&nbsp;envelope. You will need to leave the season cards at your hotels reception in the return&nbsp;envelope provided to you, for our courier to collect back the day after the game.</p>\r\n<p style="text-align: justify;">&nbsp;</p>', '<p><strong>DATE</strong>&nbsp;: 03 April 2016 Sunday 19:00hrs</p>\r\n<p><strong>PLACE OF EVENT</strong>&nbsp;: Camp Nou Barcelona</p>\r\n<p><strong>PRICE</strong>&nbsp;: from AMD317000 per person</p>'),
(12, 5, 'en', '5-DAYS AROUND ARMENIA', '<p>Seasonality : All year round!</p>', '<p style="text-align: justify;"><strong>Day 1 [Saturday]</strong>. Meeting with our representatives at &ldquo;Zvartnots&rdquo;&nbsp;Intl Airport. Lunch in the national tavern in Yerevan. Transfer to the&nbsp;hotel. Support during check-in. Rest at the hotel. Evening&nbsp;sightseeing tour by minivan and several stops for hiking: Cascade,&nbsp;the House of Opera and Bally, Swan Lake, monuments of H.&nbsp;Tumanyan, A. Spendaryan, A. Babajanyan. Singing color Fountains&nbsp;at the Republic Square.</p>\r\n<p style="text-align: justify;"><strong>Day 2 [Sunday]</strong>. Visiting &ldquo;Vernissage&rdquo; &ndash; an open-air fair-sales of&nbsp;Armenian craftsmen, where you will find a lot of souvenirs from&nbsp;wood, glass, metal, stone etc. Excursion to Garni and Geghard &ndash; 2&nbsp;monuments that are included in <strong>UNESCO Heritage list</strong>. Garni is <strong>the&nbsp;only &ldquo;witness&rdquo; of Hellenic Epoch of Armenia</strong> After numerous&nbsp;attacks of Romans the temple was reconstructed and dedicated to Mithra, the God of Sun, in 77AD. A grotto monastery Geghard is&nbsp;situated at the distance of 9 km from Garni. We know that even at the beginning of IVth century there was a cloister named&nbsp;Ayrivank (arm &ldquo;cavy monastery&rdquo;) due to its location in natural and artificial caves. Exclusive offer from &ldquo;Lore Travel&rdquo; &ndash; lunch at&nbsp;the house of peasant. Wonderful opportunity to see how the Armenian lavash is baked.</p>\r\n<p style="text-align: justify;"><strong>Day 3 [Monday]</strong>. Visiting Matenadaran where almost <strong>17 thousand ancient manuscripts</strong> are kept. Trip to the &ldquo;Armenian&nbsp;pearl&rdquo;, which is so marvelous at any season! Don&rsquo;t miss your chance to visit Sevanavank monastery on the peninsula and to taste&nbsp;famous Armenian trout right after in a cozy restaurant on the cost of Lake Sevan.</p>\r\n<p style="text-align: justify;"><strong>Day 4 [Tuesday]</strong>. Visiting the Museum of History of Yerevan, beautiful exposure on three floors. (Duration &ndash; 1 hour). Transfer to&nbsp;the city of Ejmiatsin - the spiritual capital of Armenia. Visit the Cathedral and the Museum Ejmiatsin, where you will have a great&nbsp;opportunity to see the tip of the spear (arm. "gegard"), which was pierced Christ by the Roman legionary. Excursion to the ruins of&nbsp;Zvartnots ("Vigil Forces) (VII c.), which was destroyed by an earthquake in 939, listed in the <strong>UNESCO list of historical and&nbsp;cultural monuments of world cultural heritage</strong>. Lunch in national tavern. Visit Yerevan Brandy Factory &ldquo;Ararat&rdquo;, tasting of&nbsp;cognac 5-, 10- and 15-years of exposure.</p>\r\n<p style="text-align: justify;"><strong>Day 5 [Wednesday]</strong>. Visiting the Central market to buy some fresh fruits and oriental sweets. Support during check-out. Visit to&nbsp;the Museum of Martiros Saryan &ndash; famous Armenian painter. Lunch. Transfer to the airport 2 hours before departure. Farewells&nbsp;with our staff after getting memorable gifts from &ldquo;Lore Travel&rdquo;.</p>', ''),
(13, 6, 'en', '5-DAY BRANDY TOUR to ARMENIA', '<p>Seasonality : All year round!</p>', '<p style="text-align: justify;"><strong>Day 1</strong>. Meeting with our representatives at &ldquo;Zvartnots&rdquo; Intl Airport. Lunch in the national tavern where you will taste the true&nbsp;Armenian alcoholic beverages. Transfer to the hotel. Support during check-in. Visiting Matenadaran where almost 17 thousand&nbsp;ancient manuscripts are kept. Visit to the Museum of Erebuni, one of the historical museums of Yerevan, next to the ruins of the&nbsp;Urartian fortress of Erebuni. Next trip is to wine and vodka, <span style="text-decoration: underline;"><strong>brandy factory &ldquo;Noy&rdquo;</strong></span> where you will taste wine and brandy of 1918&nbsp;and 1924. Evening sightseeing tour by minivan and several stops for hiking: Cascade, the House of Opera and Bally, Swan Lake,&nbsp;monuments of H. Tumanyan, A. Spendaryan, A. &nbsp;Babajanyan. Singing color Fountains at the Republic Square. Visiting Yerevan&nbsp;<span style="text-decoration: underline;"><strong>brewery &ldquo;Kilikia&rdquo;</strong></span> and tasting beer.</p>\r\n<p style="text-align: justify;"><strong>Day 2</strong>. Visit Yerevan <span style="text-decoration: underline;"><strong>Brandy Factory &ldquo;Ararat&rdquo;</strong></span>, tasting of cognac 5-, 10- and 15-years of exposure. Transfer to the city of&nbsp;Ejmiatsin - the spiritual capital of Armenia. Visit the Cathedral and the Museum Ejmiatsin. Excursion to <span style="text-decoration: underline;"><strong>wine and brandy factory&nbsp;&ldquo;Map&rdquo;</strong></span> with degustation. Lunch in national tavern. Trip to the village of Oshakan. There is a church named after Mesrop Mashtots,&nbsp;the creator of Armenian Alphabet, and a monument to the Alphabet. Excursion to <span style="text-decoration: underline;"><strong>Oshakan wine-distillery</strong></span> and tasting of wines&nbsp;of different varieties.</p>\r\n<p style="text-align: justify;"><strong>Day 3</strong>. Trip to the monastery-fortress of Khor Virap (XVII&nbsp;century). A spectacular view of Mount Ararat opens from there &ndash;&nbsp;the immortal symbol of Armenia. According to church tradition,&nbsp;St. Gregory the Illuminator &ndash; founder of Christianity in Armenia &ndash;&nbsp;was thrown into a deep well by the order of King Trdat III for 13&nbsp;years. Today, the well is open for the public. Excursion to&nbsp;Noravank &ndash; XII century monastery. Sightseeing of Areni church&nbsp;and visiting<span style="text-decoration: underline;"><strong> Areni winery</strong></span> with degustation of excellent wines.</p>\r\n<p style="text-align: justify;"><strong>Day 4</strong>. Trip to the &ldquo;Armenian pearl&rdquo;, which is so marvelous at any&nbsp;season! Don&rsquo;t miss your chance to visit Sevanavank monastery on&nbsp;the peninsula and to taste famous Armenian whitefish and trout&nbsp;right after in a cozy restaurant on the cost of Lake Sevan with&nbsp;tasting <span style="text-decoration: underline;"><strong>apricot and mulberry</strong></span> vodka! Excursion to Garni and&nbsp;Geghard &ndash; 2 monuments that are included in UNESCO Heritage&nbsp;list. Garni is the only &ldquo;witness&rdquo; of Hellenic Epoch of Armenia After numerous attacks of Romans the temple was reconstructed and&nbsp;dedicated to Mithra, the God of Sun, in 77AD. A grotto monastery Geghard is situated at the distance of 9 km from Garni. We&nbsp;know that even at the beginning of IVth century there was a cloister named Ayrivank (arm &ldquo;cavy monastery&rdquo;) due to its location in&nbsp;natural and artificial caves.</p>\r\n<p style="text-align: justify;"><strong>Day 5</strong>. Visiting &ldquo;Vernissage&rdquo; &ndash; an open-air fair-sales of Armenian craftsmen, where you will find a lot of souvenirs from wood,&nbsp;glass, metal, stone etc. It is recommended to visit the Central market to buy some fresh fruits and oriental sweets. Transfer to the&nbsp;airport 2 hours before departure. Farewells with our staff after getting memorable gifts from &ldquo;Lore Travel&rdquo;.</p>', ''),
(14, 7, 'en', '14-DAYS MEDICAL TOUR TO JERMOUK', '<p>Seasonality: ALL year round!</p>', '<p style="text-align: justify;">Jermouk is a resort town known for its mineral waters. It is 170 km to the southeast of Yerevan, at a&nbsp;height of 2080 m above&nbsp;sea level.&nbsp;Jermouk is one of the&nbsp;most unpolluted areas&nbsp;in Armenia. The main&nbsp;sanative factors of the&nbsp;resort are its&nbsp;hypothermal mineral&nbsp;waters. The average air&nbsp;temperature in the&nbsp;summer is +20 +230C,&nbsp;and -70C in the winter.&nbsp;The climate is Alpine.</p>\r\n<p style="text-align: justify;"><span style="color: #3366ff; font-size: 18pt;">Chemical&nbsp;composition of&nbsp;"Jermouk" Mineral Water</span></p>\r\n<p style="text-align: justify;">In its chemical composition, it is similar to the waters of Jeleznovodsk and Karlovy Vary, but in its&nbsp;taste it has no equal. 1 litre of mineral water consists of:</p>\r\n<table class="table table-striped table-bordered table-condensed table-hover dataTable no-footer mt20 editor_table_class" border="0">\r\n<tbody>\r\n<tr>\r\n<td style="font-weight: bold;">Anions</td>\r\n<td style="font-weight: bold;">Min. water of Karlovy Vary</td>\r\n<td style="font-weight: bold;">Min. water of Jermouk</td>\r\n</tr>\r\n<tr>\r\n<td>Chlorine</td>\r\n<td>0,6170</td>\r\n<td>0,4757</td>\r\n</tr>\r\n<tr>\r\n<td>Bromine</td>\r\n<td>0,0014</td>\r\n<td>0,00005</td>\r\n</tr>\r\n<tr>\r\n<td>Fluorine</td>\r\n<td>0,0024</td>\r\n<td>0,0001</td>\r\n</tr>\r\n<tr>\r\n<td>Sulphate</td>\r\n<td>1,660</td>\r\n<td>0,9000</td>\r\n</tr>\r\n<tr>\r\n<td>Hydrogen phosphate</td>\r\n<td>0,0001</td>\r\n<td>0,0150</td>\r\n</tr>\r\n<tr>\r\n<td>Hydrogen carbonate</td>\r\n<td>2,1000</td>\r\n<td>2,2430</td>\r\n</tr>\r\n<tr>\r\n<td>Hydrogen arsenate</td>\r\n<td>0,0001</td>\r\n<td>-------</td>\r\n</tr>\r\n<tr>\r\n<td>Carbonic acid</td>\r\n<td>0,4</td>\r\n<td>0,5 &ndash; 0,8</td>\r\n</tr>\r\n<tr>\r\n<td>Residuum</td>\r\n<td>5,3900</td>\r\n<td>3,7920</td>\r\n</tr>\r\n<tr>\r\n<td>Water temperature</td>\r\n<td>73</td>\r\n<td>64</td>\r\n</tr>\r\n<tr>\r\n<td style="font-weight: bold;">Cations</td>\r\n<td style="font-weight: bold;">Min. water of Karlovy Vary</td>\r\n<td style="font-weight: bold;">Min. water of Jermouk</td>\r\n</tr>\r\n<tr>\r\n<td>Lithium</td>\r\n<td>0,0033</td>\r\n<td>0,0037</td>\r\n</tr>\r\n<tr>\r\n<td>Ammonium</td>\r\n<td>0,0001</td>\r\n<td>-------</td>\r\n</tr>\r\n<tr>\r\n<td>Potassium</td>\r\n<td>0,1042</td>\r\n<td>0,0890</td>\r\n</tr>\r\n<tr>\r\n<td>Natrium</td>\r\n<td>1,7180</td>\r\n<td>1,2110</td>\r\n</tr>\r\n<tr>\r\n<td>Magnesium</td>\r\n<td>0,0465</td>\r\n<td>0,0744</td>\r\n</tr>\r\n<tr>\r\n<td>Calcium</td>\r\n<td>0,1025</td>\r\n<td>0,1480</td>\r\n</tr>\r\n<tr>\r\n<td>Strontium</td>\r\n<td>0,0003</td>\r\n<td>0,0038</td>\r\n</tr>\r\n<tr>\r\n<td>Ferrum</td>\r\n<td>0,0001</td>\r\n<td>0,0008</td>\r\n</tr>\r\n</tbody>\r\n</table>\r\n<p style="text-align: justify;">&nbsp;</p>\r\n<p style="text-align: justify;"><strong>Day 1</strong>. Arrival in Yerevan. Transfer to the hotel. Support in check-in. Rest.&nbsp;An evening City tour through Yerevan. Visiting the Republic Square, Kaskad, monuments to&nbsp;A.Tamanyan, W.Saroyan, A.Khachaturyan, M.Saryan, Opera and Ballet Theater, and others.&nbsp;Return to the hotel. Overnight.</p>\r\n<p style="text-align: justify;"><strong>Day 2</strong>. Breakfast at the hotel.&nbsp;Transfer to Jermouk. Placing in Jermouk&rsquo;s sanatorium.&nbsp;Round-up Jermouk tour. Walking through the alley of national heroes. Seeing the waterfall that&nbsp;flows into Arpa, visiting the &ldquo;drinking&rdquo; gallery, tasting Jermouk mineral water.&nbsp;Return to the sanatorium.</p>\r\n<p style="text-align: justify;"><strong>Day 3-13</strong>. Breakfasts at the sanatorium.&nbsp;Courses of medical treatment in Jermouk.&nbsp;Overnights in the sanatorium.</p>\r\n<p style="text-align: justify;"><strong>Day 14</strong>. Breakfast at the sanatorium.&nbsp;Transfer to Yerevan. Visiting Vernissage &ndash; an open-air trade fair.&nbsp;Transfer to &ldquo;Zvartnots&rdquo; International airport. Support in airport check-in.&nbsp;Departure from Yerevan.</p>', ''),
(15, 8, 'en', 'CLASSIC ITALY', '<p>from <strong>AMD 150000</strong> per person</p>', '<p style="text-align: justify;">- Route : Rome (Naples/Pompeii) &ndash; Florence &ndash; Montecatini &ndash; Terme &ndash; (Pisa) &ndash; (Siena) &ndash; Bologna &ndash; Venice &ndash; Rimini &ndash; San Marino &ndash; Rome<br /><strong></strong></p>\r\n<p style="text-align: justify;">- Price includes : accommodation in 3* hotels in Double Room, Breakfast, excursions to Rome, Florence, Venice, Vatican with Russian&nbsp;speaking guide, walk tours through Bologna and San Marino, comfortable transportation by program with Russian speaking assistant and&nbsp;travel insurance</p>\r\n<p style="text-align: justify;">- Price excludes : air ticket to/from Rome, entrance tickets to the museums, city taxes and visa fee</p>', '<p><strong>ARRIVAL DAY</strong>&nbsp;: every Sunday</p>\r\n<p><strong>DURATION</strong>&nbsp;: 8 days/7 nights</p>\r\n<p><strong>PRICE</strong>&nbsp;: from AMD 150000 per person</p>'),
(16, 9, 'en', 'SKIING IN SOCHI', '<p>from <strong>AMD 365000</strong> per person</p>', '<p style="text-align: justify;">- <strong>Krasnaya Polyana</strong> &ndash;&nbsp;a ski resort located in the Adler district, 75 km from the center of Sochi, at an altitude of about 600 meters above&nbsp;sea level, surrounded by picturesque mountains of the Main Caucasus mountain range.</p>\r\n<p style="text-align: justify;">- Krasnaya Polyana is protected from the north by the mountains of the Main Caucasian Ridge and has a unique mountain-temperate&nbsp;maritime climate. Called &ldquo;Red Meadow&rdquo; in 1878 thanks to dark-red leaves of a fern and cherries in the fall. Mountain slopes at Krasnaya&nbsp;Polyana are less steep terrain than, for example, the valley of Mount Elbrus, which allows to ski as beginners, as well as athletes &ndash;&nbsp;professionals. Offers a wonderful holiday not only for skiers in winter, but also in summer: quiet, clean air, trekking, rafting, fishing, jeep&nbsp;safari, cycling and horse riding, paragliding, etc. Place of the&nbsp;<strong>Winter Olympic Games in 2014</strong>.&nbsp;Located in the Big Sochi, 40 km from the&nbsp;airport and 70 km from the center of Sochi. Unique mountain-sea resort at an altitude of 567 m above sea level. The only ski resort,&nbsp;located in 30 minutes from international airport and the Black Sea coast. Air temperature in winter -5-12 &ordm;C at night and 0 +5 &ordm;C during&nbsp;the day, summer +18-20 &ordm;C. Solid snow on the lower slopes (at an altitude of 550-600 meters) is set to mid-January, and by March&nbsp;reaches 2 m or more.</p>\r\n<p style="text-align: justify;">- Skiing season lasts from late December until the second half of April.</p>', '<p><strong>HOTEL</strong>&nbsp;: Gorki Panorama Hotel 4*, Krasnaya Polyana</p>\r\n<p><strong>DATE</strong>&nbsp;: February &nbsp;16</p>\r\n<p><strong>DURATION</strong>&nbsp;: 8 days/7 nights</p>\r\n<p><strong>PRICE</strong>: from AMD365000 per person</p>'),
(17, 10, 'en', 'RIO CARNIVAL 2016', '<p>from<strong> AMD 323,000</strong> per person in double room</p>', '<p style="text-align: justify;">- The Carnival in Rio is a four day festival which takes place every year forty days before Easter (marking the start of Lent). The event and the&nbsp;parade which takes place in Rio de Janeiro is the most famous and richest Carnival in Brazil and, may be, in the whole world. A million tourists&nbsp;join millions of Rio de Janeiro residents (known as "cariocas") in the world''s most fantastic party spanning several days and nights. From the&nbsp;Friday before Ash Wednesday to the following Thursday, the whole city shuts down for a wild celebration. In a city riven by poverty, Carnival&nbsp;represents a moment of freedom and release, when the aspirations of cariocas can be expressed in music, dances and songs.&nbsp;</p>\r\n<p style="text-align: justify;">- The carnivals reached a peak around 1930 when the samba schools started to emerge in Rio de Janeiro. The Samba is a unique Brazilian music&nbsp;and a dance form that was begun by the poor Afro-Brazilians. It grew out the Angolan word "samba", which translates as pelvic movements and&nbsp;the African rite of reproduction. A samba dance that includes a partner is the Samba de Gafieira. The movements in this samba developed out of&nbsp;the polka, tango, waltz, and another samba music called Choro. Nowadays Rio''s Carnival is the most impressive and the best-organized carnival&nbsp;in Brazil.</p>\r\n<p style="text-align: justify;">- The highlight of the Carnival is the Parade at Marques de Sapucai, or "Sambodromo", where different Samba schools (the collective of people&nbsp;from the same neighborhood, usually a working class community is designated as a "school") fight for the title of Carnival Champion.&nbsp;Sambodromo is a huge stadium designed by the renowned architect Oscar Niemeyer and open only for Carnival. Samba rhythms, fantastically&nbsp;dancers, splendid costumes, live colors, and beautiful women are the main ingredients of this great competition. Samba Schools may take to the&nbsp;Parade anything from 3,000 to 5,000 members. Each school devotes its performance to one theme - politics, art, music, nature, sport - all the&nbsp;themes should be Brazilian. The school creates its own song, costumes and choreography. The rehearsals began several months before the&nbsp;carnival. Official judges analyse the performance of each school under several criteria (rythm, costumes, timing, audience response, etc). A grade&nbsp;from 0 to 10 is given and the school with more points is the winner.&nbsp;</p>\r\n<p style="text-align: justify;">- The Carnival in Rio de Janeiro is a fabulous event where people dance, sing, party, and have a lots of fun. One of the greatest parts of the&nbsp;Carnival is that it also provides entertainment for many people around the world, and it gives others a chance to learn about the culture of&nbsp;Brazil.&nbsp;</p>\r\n<p style="text-align: justify;">- Price includes : accommodation in 3* hotel, entrance ticket to Sambodromo, travel insurance</p>', '<p><strong>DATE</strong>&nbsp;: 04 &ndash; 12 February 2016</p>\r\n<p><strong>PLACE OF EVENT</strong>&nbsp;: Rio De Janeiro</p>\r\n<p><strong>PRICE</strong>&nbsp;: fromAMD323,000 per person in double room</p>'),
(18, 11, 'en', 'CRUISE BY MEDITERRANEAN', '<p>from <strong>AMD 245,000</strong> per person in Twin cabin</p>', '<p style="text-align: justify;">- Cruise Line:&nbsp;Costa Diadema 5*</p>\r\n<p style="text-align: justify;">- Route: Barcelona &ndash; Tunis &ndash; Rome (Civitavecchia) &ndash; Pisa/Florence &ndash; Savona &ndash; Marseille &ndash; Barcelona</p>\r\n<p style="text-align: justify;">- Year Built:&nbsp;2014</p>\r\n<p style="text-align: justify;">- Capacity:&nbsp;4,947</p>\r\n<p style="text-align: justify;">- Price Includes: accommodation in inside cabin, free times meal, entertainment on board, programs for children and kid&rsquo;s club, shows, live music,&nbsp;discotheques, use of swimming pools, gym, jacuzzi; all port charges</p>\r\n<p style="text-align: justify;">- DRESS CODE: casual and comfortable during the day. Evenings range from smart casual (shirt &amp; trousers) to informal (jacket and tie for gentlemen and&nbsp;casual elegance for ladies). Formal evenings require a suit or dinner jacket for men and a cocktail dress for ladies.</p>\r\n<p style="text-align: justify;">- ENTERTAINMENT: Entertainment is provided in three-level Theatre Duse and London Show Lounge - cabaret acts, dancers and specialty acts. There are&nbsp;plenty of lounges including the Grand Bar Berlin, the Vienna Ballroom and the Sharazad Disco. Giant screen by pool.&nbsp;</p>\r\n<p style="text-align: justify;">- TIPPING: Six Euros (US$8) per passenger day is automatically added to your onboard account for cabin and restaurant staff. Bar bills will incur 15%&nbsp;surcharge for service.</p>\r\n<p style="text-align: justify;">- CHILDREN: There is a children''s splash pool, water chute, supervised playroom and activities for all ages. For teenagers there is a video games room and&nbsp;internet caf&eacute;.</p>\r\n<p style="text-align: justify;">- WHY CRUISE: On a cruise you can visit the far flung destinations you''ve always dreamt of seeing and enjoy onboard luxury as you travel between ports.&nbsp;For some people, the best part about cruising is that you only need to unpack once! Cruising is the perfect holiday for many people because you can&nbsp;really do as much or as little as you want. Whether you''re an adrenaline junkie, lounge lizard or a bit of both, there is something for all tastes and ages.</p>', '<p><strong>NAME</strong>&nbsp;: CRUISE BY MEDITERRANEAN</p>\r\n<p><strong>TRAVEL PERIOD</strong>&nbsp;: January</p>\r\n<p><strong>DURATION</strong>&nbsp;: 7 nights/8 days</p>\r\n<p><strong>PRICE</strong>&nbsp;: from AMD245,000 per person in Twin cabin</p>'),
(19, 12, 'en', '8-DAY EXCURSIONS IN EUROPE', '<p>from <strong>AMD 265,000</strong> per person</p>', '<p style="text-align: justify;">- Route : Barcelona &ndash; Costa Brava &ndash; Cote D&rsquo;Azur &ndash; San Remo &ndash; Monaco &ndash; Cannes &ndash; Costa Brava</p>\r\n<p style="text-align: justify;">- Price includes : accommodation in Double room, 2-times meal, visa support, transfer to/from the airport, travel insurance, entrance&nbsp;tickets</p>\r\n<p style="text-align: justify;">- One of Europe&rsquo;s popular and best-selling excursion tours departing every Saturday. It features delicious wine tasting at Tossa de Mar, a&nbsp;visit to the Theatre-Museum of Salvador Dali nearby Cote D&rsquo;Azur and a spectacular photo tour to Monte Carlo Prince&rsquo;s Palace . See the&nbsp;historic sights of Barcelona, Nice and Monaco on this 8-day trip.</p>', '<p><strong>TRAVEL PERIOD</strong>&nbsp;: Winter &ndash; Spring &rsquo;16</p>\r\n<p><strong>PLACE</strong>&nbsp;: Spain &ndash; France &ndash; Monaco &ndash; Italy</p>\r\n<p><strong>DURATION</strong>&nbsp;: 7 nights/8 days</p>\r\n<p><strong>PRICE</strong>&nbsp;: from AMD265,000 per person</p>'),
(20, 13, 'en', 'LIVERPOOL FC vs ARSENAL FC / ENGLISH PREMIER LEAGUE', '<p>from<strong> AMD 172,000</strong> per person</p>', '<p style="text-align: justify;">- If football is your passion, get a ticket to attend a great match between two of the leading teams of UK</p>\r\n<p style="text-align: justify;">- Once booked, this product cannot be refunded</p>\r\n<p style="text-align: justify;">- The exact date and time of the events are usually announced 7‐10 days before the event and are updated on our web sites. It is the&nbsp;buyer&rsquo;s responsibility to keep track of these changes. There is no refund policy due to change in date and/or time of the event.</p>', '<p><strong>DATE</strong>&nbsp;: 13 January 2016 Wednesday 20:00hrs</p>\r\n<p><strong>PLACE OF EVENT</strong>&nbsp;: Anfield Road Liverpool</p>\r\n<p><strong>PRICE</strong>&nbsp;: from AMD172,000 per person</p>'),
(21, 14, 'en', 'Medical Spa Treatments in Karlovy Vary', '<p>from<strong> AMD 498,000</strong> per person</p>', '<p style="text-align: justify;">- Karlovy Vary is recommended in case of gastrointestinal diseases - some stomach, gullet and bowel diseases, both functional and&nbsp;organic, including acid reflux, stomach and duodenal ulcers, functional bowel disorders, such as habitual constipation, conditions after&nbsp;bowel infections and treated parasitosis, irritable bowel syndrome, or non-specific intestinal inflammations, such as Crohn''s disease,&nbsp;idiopathic proctocolitis, or conditions after intestinal, stomach, gall bladder and biliary tract surgery, chronic liver and gall bladder&nbsp;diseases, conditions after acute hepatitis and toxic liver damage, chronic pancreatic disease, conditions after acute pancreatitis and&nbsp;pancreas or liver transplants.</p>\r\n<p style="text-align: justify;">- In case of metabolic disorders - diabetes, overweight and obesity, lipid metabolism disorders, or gout.</p>\r\n<p style="text-align: justify;">- In case of musculoskeletal diseases - degenerative disorders of the spine and large joints, functional spinal disorders.</p>\r\n<p style="text-align: justify;">- Or paradonthosis - periodontal disease.</p>\r\n<p style="text-align: justify;">- Price includes : accommodation in 4* hotel in Double room, 3-times meal, spa treatment, visa support, transfer to/from the airport,&nbsp;travel insurance</p>', '<p><strong>TRAVEL PERIOD</strong>&nbsp;: Winter &rsquo;16</p>\r\n<p><strong>DURATION</strong>&nbsp;: 12 nights/13 days</p>\r\n<p><strong>PRICE</strong>&nbsp;: from AMD498,000 per person</p>'),
(22, 15, 'en', 'YOUR WEDDING IN CUBA', '<p>from <strong>AMD 625,000</strong> per person</p>', '<p style="text-align: justify;">- Price includes : accommodation in Double room, All Inclusive meal, visa support, travel insurance</p>\r\n<p style="text-align: justify;">- Wedding ceremony includes the following compliments : ceremony with notary and translator, bouquet for the bride, botonier for the&nbsp;groom, venue decoration, wedding cake, sparkling wine, music during the ceremony (including the wedding march), table reservation&nbsp;for up to 20 passengers at one of the a la carte restaurants, wedding coordinator service, gifts for the couple, mini bar including water,&nbsp;juices and beers during the night of the wedding, decoration and romantic amenities in the room of the wedding night, romantic&nbsp;promenade though Varadero City in an ancient car, late check-out on the date of departure (accordingly to the availability)</p>', '<p><strong>TRAVEL PERIOD</strong>&nbsp;: Winter &rsquo;16</p>\r\n<p><strong>PLACE</strong>&nbsp;: Be Live Turquesa, Varadero</p>\r\n<p><strong>PRICE</strong>&nbsp;: from AMD625,000 per person</p>'),
(23, 16, 'en', 'Language school abroad/ Easter package', '<p>from <strong>EUR 249,000</strong> per person</p>', '<p style="text-align: justify;">- These teenage English Courses are designed to help the students to work on their English language skills by encouraging role-play,&nbsp;problem solving, general discussions, written exercises and oral comprehension. It introduces the English language to you in a fun and&nbsp;dynamic manner.</p>\r\n<p style="text-align: justify;">- Minimum stay is two weeks</p>\r\n<p style="text-align: justify;">- Price includes: general language course of 20 lessons per week, course materials, airport transfer two ways, accommodation in host&nbsp;families (residence is available upon request), group leaders and guides which is a guarantee for a safe trip, activities as stated in the&nbsp;program, all taxes and administration costs</p>\r\n<p style="text-align: justify;">- Other courses and locations are available upon request</p>', '<p><strong>DATE</strong>: Saturday 19th/ Sunday 20th March 2016 &ndash; Saturday 2nd / Sunday 3rd April 2016 / 2 weeks</p>\r\n<p><strong>AGE</strong>: 13-18 years</p>\r\n<p><strong>PLACE</strong>: Malta</p>\r\n<p><strong>PRICE</strong>: from EUR 249,000 per person</p>'),
(24, 17, 'en', 'WEEK IN ATHENS', '<p>from AMD216,000 per person</p>', '<p><strong style="text-align: justify;"></strong><span style="text-align: justify;">The city&nbsp;of&nbsp;Athens, Greece, with its famous Acropolis, has come to symbolize the whole of the country in the popular imagination, and not without cause. Athens began as a small, Mycenaean community and grew to become a city that, at its height, epitomized the best of Greek&nbsp;virtues and enjoyed such prestige that the Spartans refused to sack the city or enslave the citizens, even after Athens'' defeat in the&nbsp;Peloponnesian. This set a model that would be followed by future conquerors who would defeat Athens but not destroy it.</span></p>\r\n<p style="text-align: justify;">Athens is a city of different aspects. A walk around the famous historic triangle (Plaka, Thission, Psyri) the old neighborhoods, reveal the coexistence of different eras. Old mansions, well-preserved ones and other worn down by time. Luxurious department stores and small intimate shops, fancy restaurants and traditional taverns. All have their place in this city.&nbsp;</p>\r\n<p style="text-align: justify;">Price includes air ticket, Double room accommodation in 3* hotel, Breakfast and travel insurance</p>', '<p><strong>NAME :&nbsp;</strong>WEEK IN ATHENS &nbsp;</p>\r\n<p><strong></strong><strong>PERIOD:&nbsp;</strong>January, February</p>\r\n<p><strong>DURATION:</strong>&nbsp;7 nights / 8 days</p>\r\n<p><strong>PRICE :&nbsp;</strong>from AMD216,000 per person in double room</p>'),
(25, 18, 'en', 'WEEK IN PRAGUE', '<p>from AMD279,000 per person</p>', '<p style="text-align: justify;"><span style="text-align: justify;">Prague is one of the world''s most popular tourist destinations. The city was one of the few in Europe that was relatively untouched during both the World Wars, allowing its historic architecture to stay intact. There are a lot of old buildings with beautiful murals on them. It also has a lively nightlife, mostly due to the extraordinary range of beers available at very reasonable prices. It contains one of the world''s most pristine and varied collections of architecture, from Art Nouveau to Baroque, Renaissance, Cubist, Gothic, Neo-Classical and ultra-modern.</span><br /><strong></strong></p>\r\n<p style="text-align: justify;">Being Prague''s heart since the 10th century and its main market place until the beginning of the 20th century, the spacious 1.7 hectare Old Town Square has been the scene of great events, both glorious and tragic. There are beautiful pastel-coloured buildings of Romanesque or Gothic origin with fascinating house signs. Some of the most prominent examples include the Kinsk&yacute; Palace, the House of the Stone Bell and the &Scaron;torch House.</p>\r\n<p style="text-align: justify;">Today, the Old Town Square offers visitors a tourist information office, number of restaurants, caf&eacute;s, shops and galleries.&nbsp;</p>\r\n<p style="text-align: justify;">Price includes air ticket, Double room accommodation in hotel, Breakfast and travel insurance</p>', '<p><strong>NAME : WEEK IN&nbsp;PRAGUE, CZECH REPUBLIC</strong></p>\r\n<p><strong>HOTEL :&nbsp;</strong>Caesar Prague Hotel 4*</p>\r\n<p><strong>PERIOD:&nbsp;</strong>February</p>\r\n<p><strong>DURATION:</strong>&nbsp;7nights / 8 days</p>\r\n<p><strong>PRICE :&nbsp;</strong>from AMD279,000&nbsp;per person</p>'),
(26, 19, 'en', '7 DAYS IN PARADISE', '<p>from AMD490,000 per person</p>', '<p style="text-align: justify;">Paradise awaits you... If your idea of paradise is a pristine tropical island with&nbsp;swaying palm trees and pure white beaches surrounded by crystalline lagoons of&nbsp;varying shades of blue &ndash; then the Maldives Islands will definitely fit the bill.<br /><strong></strong></p>\r\n<p style="text-align: justify;">The Maldives, a group of about 1,200 islands, separated into a series of coral atolls, is just north of the&nbsp;Equator in the Indian Ocean.</p>\r\n<p style="text-align: justify;">Sunny, unique and unspoiled, the islands of Maldives offers you sunshine, no matter what time of the year you decide to visit the Maldives &ndash; islands that are truly heaven on Earth.</p>\r\n<p style="text-align: justify;">Price includes air ticket with a/c Fly Dubai, Double room accommodation in 3* Hotel, Breakfast and travel insurance</p>', '<p><strong>NAME : 7 DAYS IN PARADISE / MALDIVES</strong>&nbsp;&nbsp;</p>\r\n<p><strong></strong><strong>PERIOD:&nbsp;</strong>January, February</p>\r\n<p><strong>DURATION:</strong>&nbsp;6 nights / 7 days</p>\r\n<p><strong>PRICE :&nbsp;</strong>from AMD490,000 per person&nbsp;</p>'),
(27, 1, 'hy', '', '', '', ''),
(28, 2, 'hy', '', '', '', ''),
(29, 3, 'hy', '', '', '', ''),
(30, 4, 'hy', '', '', '', ''),
(31, 5, 'hy', '', '', '', ''),
(32, 6, 'hy', '', '', '', ''),
(33, 7, 'hy', '', '', '', ''),
(34, 8, 'hy', '', '', '', ''),
(35, 9, 'hy', '', '', '', ''),
(36, 10, 'hy', '', '', '', ''),
(37, 11, 'hy', '', '', '', ''),
(38, 12, 'hy', '', '', '', ''),
(39, 13, 'hy', '', '', '', ''),
(40, 14, 'hy', '', '', '', ''),
(41, 15, 'hy', '', '', '', ''),
(42, 16, 'hy', '', '', '', ''),
(43, 17, 'hy', '', '', '', ''),
(44, 18, 'hy', '', '', '', ''),
(45, 19, 'hy', '', '', '', ''),
(46, 20, 'hy', 'hayeren', '', '', ''),
(47, 20, 'en', 'english', '', '', ''),
(48, 21, 'hy', 'k', '<p>k</p>', '<p>k</p>', '<p>k</p>'),
(49, 21, 'en', 'k', '<p>k</p>', '<p>k</p>', '<p>d</p>');

-- --------------------------------------------------------

--
-- Структура таблицы `adc_universal_text`
--

CREATE TABLE IF NOT EXISTS `adc_universal_text` (
  `id` int(10) unsigned NOT NULL,
  `ww` int(11) NOT NULL
) ENGINE=InnoDB AUTO_INCREMENT=1501 DEFAULT CHARSET=utf8;

--
-- Дамп данных таблицы `adc_universal_text`
--

INSERT INTO `adc_universal_text` (`id`, `ww`) VALUES
(1, 1),
(2, 1),
(3, 1),
(4, 1),
(5, 1),
(6, 1),
(7, 1),
(8, 1),
(9, 1),
(10, 1),
(11, 1),
(12, 1),
(13, 1),
(14, 1),
(15, 1),
(16, 1),
(17, 1),
(18, 1),
(19, 1),
(20, 1),
(21, 1),
(22, 1),
(23, 1),
(24, 1),
(25, 1),
(26, 1),
(27, 1),
(28, 1),
(29, 1),
(30, 1),
(31, 1),
(32, 1),
(33, 1),
(34, 1),
(35, 1),
(36, 1),
(37, 1),
(38, 1),
(39, 1),
(40, 1),
(41, 1),
(42, 1),
(43, 1),
(44, 1),
(45, 1),
(46, 1),
(47, 1),
(48, 1),
(49, 1),
(50, 1),
(51, 1),
(52, 1),
(53, 1),
(54, 1),
(55, 1),
(56, 1),
(57, 1),
(58, 1),
(59, 1),
(60, 1),
(61, 1),
(62, 1),
(63, 1),
(64, 1),
(65, 1),
(66, 1),
(67, 1),
(68, 1),
(69, 1),
(70, 1),
(71, 1),
(72, 1),
(73, 1),
(74, 1),
(75, 1),
(76, 1),
(77, 1),
(78, 1),
(79, 1),
(80, 1),
(81, 1),
(82, 1),
(83, 1),
(84, 1),
(85, 1),
(86, 1),
(87, 1),
(88, 1),
(89, 1),
(90, 1),
(91, 1),
(92, 1),
(93, 1),
(94, 1),
(95, 1),
(96, 1),
(97, 1),
(98, 1),
(99, 1),
(100, 1),
(101, 1),
(102, 1),
(103, 1),
(104, 1),
(105, 1),
(106, 1),
(107, 1),
(108, 1),
(109, 1),
(110, 1),
(111, 1),
(112, 1),
(113, 1),
(114, 1),
(115, 1),
(116, 1),
(117, 1),
(118, 1),
(119, 1),
(120, 1),
(121, 1),
(122, 1),
(123, 1),
(124, 1),
(125, 1),
(126, 1),
(127, 1),
(128, 1),
(129, 1),
(130, 1),
(131, 1),
(132, 1),
(133, 1),
(134, 1),
(135, 1),
(136, 1),
(137, 1),
(138, 1),
(139, 1),
(140, 1),
(141, 1),
(142, 1),
(143, 1),
(144, 1),
(145, 1),
(146, 1),
(147, 1),
(148, 1),
(149, 1),
(150, 1),
(151, 1),
(152, 1),
(153, 1),
(154, 1),
(155, 1),
(156, 1),
(157, 1),
(158, 1),
(159, 1),
(160, 1),
(161, 1),
(162, 1),
(163, 1),
(164, 1),
(165, 1),
(166, 1),
(167, 1),
(168, 1),
(169, 1),
(170, 1),
(171, 1),
(172, 1),
(173, 1),
(174, 1),
(175, 1),
(176, 1),
(177, 1),
(178, 1),
(179, 1),
(180, 1),
(181, 1),
(182, 1),
(183, 1),
(184, 1),
(185, 1),
(186, 1),
(187, 1),
(188, 1),
(189, 1),
(190, 1),
(191, 1),
(192, 1),
(193, 1),
(194, 1),
(195, 1),
(196, 1),
(197, 1),
(198, 1),
(199, 1),
(200, 1),
(201, 1),
(202, 1),
(203, 1),
(204, 1),
(205, 1),
(206, 1),
(207, 1),
(208, 1),
(209, 1),
(210, 1),
(211, 1),
(212, 1),
(213, 1),
(214, 1),
(215, 1),
(216, 1),
(217, 1),
(218, 1),
(219, 1),
(220, 1),
(221, 1),
(222, 1),
(223, 1),
(224, 1),
(225, 1),
(226, 1),
(227, 1),
(228, 1),
(229, 1),
(230, 1),
(231, 1),
(232, 1),
(233, 1),
(234, 1),
(235, 1),
(236, 1),
(237, 1),
(238, 1),
(239, 1),
(240, 1),
(241, 1),
(242, 1),
(243, 1),
(244, 1),
(245, 1),
(246, 1),
(247, 1),
(248, 1),
(249, 1),
(250, 1),
(251, 1),
(252, 1),
(253, 1),
(254, 1),
(255, 1),
(256, 1),
(257, 1),
(258, 1),
(259, 1),
(260, 1),
(261, 1),
(262, 1),
(263, 1),
(264, 1),
(265, 1),
(266, 1),
(267, 1),
(268, 1),
(269, 1),
(270, 1),
(271, 1),
(272, 1),
(273, 1),
(274, 1),
(275, 1),
(276, 1),
(277, 1),
(278, 1),
(279, 1),
(280, 1),
(281, 1),
(282, 1),
(283, 1),
(284, 1),
(285, 1),
(286, 1),
(287, 1),
(288, 1),
(289, 1),
(290, 1),
(291, 1),
(292, 1),
(293, 1),
(294, 1),
(295, 1),
(296, 1),
(297, 1),
(298, 1),
(299, 1),
(300, 1),
(301, 1),
(302, 1),
(303, 1),
(304, 1),
(305, 1),
(306, 1),
(307, 1),
(308, 1),
(309, 1),
(310, 1),
(311, 1),
(312, 1),
(313, 1),
(314, 1),
(315, 1),
(316, 1),
(317, 1),
(318, 1),
(319, 1),
(320, 1),
(321, 1),
(322, 1),
(323, 1),
(324, 1),
(325, 1),
(326, 1),
(327, 1),
(328, 1),
(329, 1),
(330, 1),
(331, 1),
(332, 1),
(333, 1),
(334, 1),
(335, 1),
(336, 1),
(337, 1),
(338, 1),
(339, 1),
(340, 1),
(341, 1),
(342, 1),
(343, 1),
(344, 1),
(345, 1),
(346, 1),
(347, 1),
(348, 1),
(349, 1),
(350, 1),
(351, 1),
(352, 1),
(353, 1),
(354, 1),
(355, 1),
(356, 1),
(357, 1),
(358, 1),
(359, 1),
(360, 1),
(361, 1),
(362, 1),
(363, 1),
(364, 1),
(365, 1),
(366, 1),
(367, 1),
(368, 1),
(369, 1),
(370, 1),
(371, 1),
(372, 1),
(373, 1),
(374, 1),
(375, 1),
(376, 1),
(377, 1),
(378, 1),
(379, 1),
(380, 1),
(381, 1),
(382, 1),
(383, 1),
(384, 1),
(385, 1),
(386, 1),
(387, 1),
(388, 1),
(389, 1),
(390, 1),
(391, 1),
(392, 1),
(393, 1),
(394, 1),
(395, 1),
(396, 1),
(397, 1),
(398, 1),
(399, 1),
(400, 1),
(401, 1),
(402, 1),
(403, 1),
(404, 1),
(405, 1),
(406, 1),
(407, 1),
(408, 1),
(409, 1),
(410, 1),
(411, 1),
(412, 1),
(413, 1),
(414, 1),
(415, 1),
(416, 1),
(417, 1),
(418, 1),
(419, 1),
(420, 1),
(421, 1),
(422, 1),
(423, 1),
(424, 1),
(425, 1),
(426, 1),
(427, 1),
(428, 1),
(429, 1),
(430, 1),
(431, 1),
(432, 1),
(433, 1),
(434, 1),
(435, 1),
(436, 1),
(437, 1),
(438, 1),
(439, 1),
(440, 1),
(441, 1),
(442, 1),
(443, 1),
(444, 1),
(445, 1),
(446, 1),
(447, 1),
(448, 1),
(449, 1),
(450, 1),
(451, 1),
(452, 1),
(453, 1),
(454, 1),
(455, 1),
(456, 1),
(457, 1),
(458, 1),
(459, 1),
(460, 1),
(461, 1),
(462, 1),
(463, 1),
(464, 1),
(465, 1),
(466, 1),
(467, 1),
(468, 1),
(469, 1),
(470, 1),
(471, 1),
(472, 1),
(473, 1),
(474, 1),
(475, 1),
(476, 1),
(477, 1),
(478, 1),
(479, 1),
(480, 1),
(481, 1),
(482, 1),
(483, 1),
(484, 1),
(485, 1),
(486, 1),
(487, 1),
(488, 1),
(489, 1),
(490, 1),
(491, 1),
(492, 1),
(493, 1),
(494, 1),
(495, 1),
(496, 1),
(497, 1),
(498, 1),
(499, 1),
(500, 1),
(501, 1),
(502, 1),
(503, 1),
(504, 1),
(505, 1),
(506, 1),
(507, 1),
(508, 1),
(509, 1),
(510, 1),
(511, 1),
(512, 1),
(513, 1),
(514, 1),
(515, 1),
(516, 1),
(517, 1),
(518, 1),
(519, 1),
(520, 1),
(521, 1),
(522, 1),
(523, 1),
(524, 1),
(525, 1),
(526, 1),
(527, 1),
(528, 1),
(529, 1),
(530, 1),
(531, 1),
(532, 1),
(533, 1),
(534, 1),
(535, 1),
(536, 1),
(537, 1),
(538, 1),
(539, 1),
(540, 1),
(541, 1),
(542, 1),
(543, 1),
(544, 1),
(545, 1),
(546, 1),
(547, 1),
(548, 1),
(549, 1),
(550, 1),
(551, 1),
(552, 1),
(553, 1),
(554, 1),
(555, 1),
(556, 1),
(557, 1),
(558, 1),
(559, 1),
(560, 1),
(561, 1),
(562, 1),
(563, 1),
(564, 1),
(565, 1),
(566, 1),
(567, 1),
(568, 1),
(569, 1),
(570, 1),
(571, 1),
(572, 1),
(573, 1),
(574, 1),
(575, 1),
(576, 1),
(577, 1),
(578, 1),
(579, 1),
(580, 1),
(581, 1),
(582, 1),
(583, 1),
(584, 1),
(585, 1),
(586, 1),
(587, 1),
(588, 1),
(589, 1),
(590, 1),
(591, 1),
(592, 1),
(593, 1),
(594, 1),
(595, 1),
(596, 1),
(597, 1),
(598, 1),
(599, 1),
(600, 1),
(601, 1),
(602, 1),
(603, 1),
(604, 1),
(605, 1),
(606, 1),
(607, 1),
(608, 1),
(609, 1),
(610, 1),
(611, 1),
(612, 1),
(613, 1),
(614, 1),
(615, 1),
(616, 1),
(617, 1),
(618, 1),
(619, 1),
(620, 1),
(621, 1),
(622, 1),
(623, 1),
(624, 1),
(625, 1),
(626, 1),
(627, 1),
(628, 1),
(629, 1),
(630, 1),
(631, 1),
(632, 1),
(633, 1),
(634, 1),
(635, 1),
(636, 1),
(637, 1),
(638, 1),
(639, 1),
(640, 1),
(641, 1),
(642, 1),
(643, 1),
(644, 1),
(645, 1),
(646, 1),
(647, 1),
(648, 1),
(649, 1),
(650, 1),
(651, 1),
(652, 1),
(653, 1),
(654, 1),
(655, 1),
(656, 1),
(657, 1),
(658, 1),
(659, 1),
(660, 1),
(661, 1),
(662, 1),
(663, 1),
(664, 1),
(665, 1),
(666, 1),
(667, 1),
(668, 1),
(669, 1),
(670, 1),
(671, 1),
(672, 1),
(673, 1),
(674, 1),
(675, 1),
(676, 1),
(677, 1),
(678, 1),
(679, 1),
(680, 1),
(681, 1),
(682, 1),
(683, 1),
(684, 1),
(685, 1),
(686, 1),
(687, 1),
(688, 1),
(689, 1),
(690, 1),
(691, 1),
(692, 1),
(693, 1),
(694, 1),
(695, 1),
(696, 1),
(697, 1),
(698, 1),
(699, 1),
(700, 1),
(701, 1),
(702, 1),
(703, 1),
(704, 1),
(705, 1),
(706, 1),
(707, 1),
(708, 1),
(709, 1),
(710, 1),
(711, 1),
(712, 1),
(713, 1),
(714, 1),
(715, 1),
(716, 1),
(717, 1),
(718, 1),
(719, 1),
(720, 1),
(721, 1),
(722, 1),
(723, 1),
(724, 1),
(725, 1),
(726, 1),
(727, 1),
(728, 1),
(729, 1),
(730, 1),
(731, 1),
(732, 1),
(733, 1),
(734, 1),
(735, 1),
(736, 1),
(737, 1),
(738, 1),
(739, 1),
(740, 1),
(741, 1),
(742, 1),
(743, 1),
(744, 1),
(745, 1),
(746, 1),
(747, 1),
(748, 1),
(749, 1),
(750, 1),
(751, 1),
(752, 1),
(753, 1),
(754, 1),
(755, 1),
(756, 1),
(757, 1),
(758, 1),
(759, 1),
(760, 1),
(761, 1),
(762, 1),
(763, 1),
(764, 1),
(765, 1),
(766, 1),
(767, 1),
(768, 1),
(769, 1),
(770, 1),
(771, 1),
(772, 1),
(773, 1),
(774, 1),
(775, 1),
(776, 1),
(777, 1),
(778, 1),
(779, 1),
(780, 1),
(781, 1),
(782, 1),
(783, 1),
(784, 1),
(785, 1),
(786, 1),
(787, 1),
(788, 1),
(789, 1),
(790, 1),
(791, 1),
(792, 1),
(793, 1),
(794, 1),
(795, 1),
(796, 1),
(797, 1),
(798, 1),
(799, 1),
(800, 1),
(801, 1),
(802, 1),
(803, 1),
(804, 1),
(805, 1),
(806, 1),
(807, 1),
(808, 1),
(809, 1),
(810, 1),
(811, 1),
(812, 1),
(813, 1),
(814, 1),
(815, 1),
(816, 1),
(817, 1),
(818, 1),
(819, 1),
(820, 1),
(821, 1),
(822, 1),
(823, 1),
(824, 1),
(825, 1),
(826, 1),
(827, 1),
(828, 1),
(829, 1),
(830, 1),
(831, 1),
(832, 1),
(833, 1),
(834, 1),
(835, 1),
(836, 1),
(837, 1),
(838, 1),
(839, 1),
(840, 1),
(841, 1),
(842, 1),
(843, 1),
(844, 1),
(845, 1),
(846, 1),
(847, 1),
(848, 1),
(849, 1),
(850, 1),
(851, 1),
(852, 1),
(853, 1),
(854, 1),
(855, 1),
(856, 1),
(857, 1),
(858, 1),
(859, 1),
(860, 1),
(861, 1),
(862, 1),
(863, 1),
(864, 1),
(865, 1),
(866, 1),
(867, 1),
(868, 1),
(869, 1),
(870, 1),
(871, 1),
(872, 1),
(873, 1),
(874, 1),
(875, 1),
(876, 1),
(877, 1),
(878, 1),
(879, 1),
(880, 1),
(881, 1),
(882, 1),
(883, 1),
(884, 1),
(885, 1),
(886, 1),
(887, 1),
(888, 1),
(889, 1),
(890, 1),
(891, 1),
(892, 1),
(893, 1),
(894, 1),
(895, 1),
(896, 1),
(897, 1),
(898, 1),
(899, 1),
(900, 1),
(901, 1),
(902, 1),
(903, 1),
(904, 1),
(905, 1),
(906, 1),
(907, 1),
(908, 1),
(909, 1),
(910, 1),
(911, 1),
(912, 1),
(913, 1),
(914, 1),
(915, 1),
(916, 1),
(917, 1),
(918, 1),
(919, 1),
(920, 1),
(921, 1),
(922, 1),
(923, 1),
(924, 1),
(925, 1),
(926, 1),
(927, 1),
(928, 1),
(929, 1),
(930, 1),
(931, 1),
(932, 1),
(933, 1),
(934, 1),
(935, 1),
(936, 1),
(937, 1),
(938, 1),
(939, 1),
(940, 1),
(941, 1),
(942, 1),
(943, 1),
(944, 1),
(945, 1),
(946, 1),
(947, 1),
(948, 1),
(949, 1),
(950, 1),
(951, 1),
(952, 1),
(953, 1),
(954, 1),
(955, 1),
(956, 1),
(957, 1),
(958, 1),
(959, 1),
(960, 1),
(961, 1),
(962, 1),
(963, 1),
(964, 1),
(965, 1),
(966, 1),
(967, 1),
(968, 1),
(969, 1),
(970, 1),
(971, 1),
(972, 1),
(973, 1),
(974, 1),
(975, 1),
(976, 1),
(977, 1),
(978, 1),
(979, 1),
(980, 1),
(981, 1),
(982, 1),
(983, 1),
(984, 1),
(985, 1),
(986, 1),
(987, 1),
(988, 1),
(989, 1),
(990, 1),
(991, 1),
(992, 1),
(993, 1),
(994, 1),
(995, 1),
(996, 1),
(997, 1),
(998, 1),
(999, 1),
(1000, 1),
(1001, 1),
(1002, 1),
(1003, 1),
(1004, 1),
(1005, 1),
(1006, 1),
(1007, 1),
(1008, 1),
(1009, 1),
(1010, 1),
(1011, 1),
(1012, 1),
(1013, 1),
(1014, 1),
(1015, 1),
(1016, 1),
(1017, 1),
(1018, 1),
(1019, 1),
(1020, 1),
(1021, 1),
(1022, 1),
(1023, 1),
(1024, 1),
(1025, 1),
(1026, 1),
(1027, 1),
(1028, 1),
(1029, 1),
(1030, 1),
(1031, 1),
(1032, 1),
(1033, 1),
(1034, 1),
(1035, 1),
(1036, 1),
(1037, 1),
(1038, 1),
(1039, 1),
(1040, 1),
(1041, 1),
(1042, 1),
(1043, 1),
(1044, 1),
(1045, 1),
(1046, 1),
(1047, 1),
(1048, 1),
(1049, 1),
(1050, 1),
(1051, 1),
(1052, 1),
(1053, 1),
(1054, 1),
(1055, 1),
(1056, 1),
(1057, 1),
(1058, 1),
(1059, 1),
(1060, 1),
(1061, 1),
(1062, 1),
(1063, 1),
(1064, 1),
(1065, 1),
(1066, 1),
(1067, 1),
(1068, 1),
(1069, 1),
(1070, 1),
(1071, 1),
(1072, 1),
(1073, 1),
(1074, 1),
(1075, 1),
(1076, 1),
(1077, 1),
(1078, 1),
(1079, 1),
(1080, 1),
(1081, 1),
(1082, 1),
(1083, 1),
(1084, 1),
(1085, 1),
(1086, 1),
(1087, 1),
(1088, 1),
(1089, 1),
(1090, 1),
(1091, 1),
(1092, 1),
(1093, 1),
(1094, 1),
(1095, 1),
(1096, 1),
(1097, 1),
(1098, 1),
(1099, 1),
(1100, 1),
(1101, 1),
(1102, 1),
(1103, 1),
(1104, 1),
(1105, 1),
(1106, 1),
(1107, 1),
(1108, 1),
(1109, 1),
(1110, 1),
(1111, 1),
(1112, 1),
(1113, 1),
(1114, 1),
(1115, 1),
(1116, 1),
(1117, 1),
(1118, 1),
(1119, 1),
(1120, 1),
(1121, 1),
(1122, 1),
(1123, 1),
(1124, 1),
(1125, 1),
(1126, 1),
(1127, 1),
(1128, 1),
(1129, 1),
(1130, 1),
(1131, 1),
(1132, 1),
(1133, 1),
(1134, 1),
(1135, 1),
(1136, 1),
(1137, 1),
(1138, 1),
(1139, 1),
(1140, 1),
(1141, 1),
(1142, 1),
(1143, 1),
(1144, 1),
(1145, 1),
(1146, 1),
(1147, 1),
(1148, 1),
(1149, 1),
(1150, 1),
(1151, 1),
(1152, 1),
(1153, 1),
(1154, 1),
(1155, 1),
(1156, 1),
(1157, 1),
(1158, 1),
(1159, 1),
(1160, 1),
(1161, 1),
(1162, 1),
(1163, 1),
(1164, 1),
(1165, 1),
(1166, 1),
(1167, 1),
(1168, 1),
(1169, 1),
(1170, 1),
(1171, 1),
(1172, 1),
(1173, 1),
(1174, 1),
(1175, 1),
(1176, 1),
(1177, 1),
(1178, 1),
(1179, 1),
(1180, 1),
(1181, 1),
(1182, 1),
(1183, 1),
(1184, 1),
(1185, 1),
(1186, 1),
(1187, 1),
(1188, 1),
(1189, 1),
(1190, 1),
(1191, 1),
(1192, 1),
(1193, 1),
(1194, 1),
(1195, 1),
(1196, 1),
(1197, 1),
(1198, 1),
(1199, 1),
(1200, 1),
(1201, 1),
(1202, 1),
(1203, 1),
(1204, 1),
(1205, 1),
(1206, 1),
(1207, 1),
(1208, 1),
(1209, 1),
(1210, 1),
(1211, 1),
(1212, 1),
(1213, 1),
(1214, 1),
(1215, 1),
(1216, 1),
(1217, 1),
(1218, 1),
(1219, 1),
(1220, 1),
(1221, 1),
(1222, 1),
(1223, 1),
(1224, 1),
(1225, 1),
(1226, 1),
(1227, 1),
(1228, 1),
(1229, 1),
(1230, 1),
(1231, 1),
(1232, 1),
(1233, 1),
(1234, 1),
(1235, 1),
(1236, 1),
(1237, 1),
(1238, 1),
(1239, 1),
(1240, 1),
(1241, 1),
(1242, 1),
(1243, 1),
(1244, 1),
(1245, 1),
(1246, 1),
(1247, 1),
(1248, 1),
(1249, 1),
(1250, 1),
(1251, 1),
(1252, 1),
(1253, 1),
(1254, 1),
(1255, 1),
(1256, 1),
(1257, 1),
(1258, 1),
(1259, 1),
(1260, 1),
(1261, 1),
(1262, 1),
(1263, 1),
(1264, 1),
(1265, 1),
(1266, 1),
(1267, 1),
(1268, 1),
(1269, 1),
(1270, 1),
(1271, 1),
(1272, 1),
(1273, 1),
(1274, 1),
(1275, 1),
(1276, 1),
(1277, 1),
(1278, 1),
(1279, 1),
(1280, 1),
(1281, 1),
(1282, 1),
(1283, 1),
(1284, 1),
(1285, 1),
(1286, 1),
(1287, 1),
(1288, 1),
(1289, 1),
(1290, 1),
(1291, 1),
(1292, 1),
(1293, 1),
(1294, 1),
(1295, 1),
(1296, 1),
(1297, 1),
(1298, 1),
(1299, 1),
(1300, 1),
(1301, 1),
(1302, 1),
(1303, 1),
(1304, 1),
(1305, 1),
(1306, 1),
(1307, 1),
(1308, 1),
(1309, 1),
(1310, 1),
(1311, 1),
(1312, 1),
(1313, 1),
(1314, 1),
(1315, 1),
(1316, 1),
(1317, 1),
(1318, 1),
(1319, 1),
(1320, 1),
(1321, 1),
(1322, 1),
(1323, 1),
(1324, 1),
(1325, 1),
(1326, 1),
(1327, 1),
(1328, 1),
(1329, 1),
(1330, 1),
(1331, 1),
(1332, 1),
(1333, 1),
(1334, 1),
(1335, 1),
(1336, 1),
(1337, 1),
(1338, 1),
(1339, 1),
(1340, 1),
(1341, 1),
(1342, 1),
(1343, 1),
(1344, 1),
(1345, 1),
(1346, 1),
(1347, 1),
(1348, 1),
(1349, 1),
(1350, 1),
(1351, 1),
(1352, 1),
(1353, 1),
(1354, 1),
(1355, 1),
(1356, 1),
(1357, 1),
(1358, 1),
(1359, 1),
(1360, 1),
(1361, 1),
(1362, 1),
(1363, 1),
(1364, 1),
(1365, 1),
(1366, 1),
(1367, 1),
(1368, 1),
(1369, 1),
(1370, 1),
(1371, 1),
(1372, 1),
(1373, 1),
(1374, 1),
(1375, 1),
(1376, 1),
(1377, 1),
(1378, 1),
(1379, 1),
(1380, 1),
(1381, 1),
(1382, 1),
(1383, 1),
(1384, 1),
(1385, 1),
(1386, 1),
(1387, 1),
(1388, 1),
(1389, 1),
(1390, 1),
(1391, 1),
(1392, 1),
(1393, 1),
(1394, 1),
(1395, 1),
(1396, 1),
(1397, 1),
(1398, 1),
(1399, 1),
(1400, 1),
(1401, 1),
(1402, 1),
(1403, 1),
(1404, 1),
(1405, 1),
(1406, 1),
(1407, 1),
(1408, 1),
(1409, 1),
(1410, 1),
(1411, 1),
(1412, 1),
(1413, 1),
(1414, 1),
(1415, 1),
(1416, 1),
(1417, 1),
(1418, 1),
(1419, 1),
(1420, 1),
(1421, 1),
(1422, 1),
(1423, 1),
(1424, 1),
(1425, 1),
(1426, 1),
(1427, 1),
(1428, 1),
(1429, 1),
(1430, 1),
(1431, 1),
(1432, 1),
(1433, 1),
(1434, 1),
(1435, 1),
(1436, 1),
(1437, 1),
(1438, 1),
(1439, 1),
(1440, 1),
(1441, 1),
(1442, 1),
(1443, 1),
(1444, 1),
(1445, 1),
(1446, 1),
(1447, 1),
(1448, 1),
(1449, 1),
(1450, 1),
(1451, 1),
(1452, 1),
(1453, 1),
(1454, 1),
(1455, 1),
(1456, 1),
(1457, 1),
(1458, 1),
(1459, 1),
(1460, 1),
(1461, 1),
(1462, 1),
(1463, 1),
(1464, 1),
(1465, 1),
(1466, 1),
(1467, 1),
(1468, 1),
(1469, 1),
(1470, 1),
(1471, 1),
(1472, 1),
(1473, 1),
(1474, 1),
(1475, 1),
(1476, 1),
(1477, 1),
(1478, 1),
(1479, 1),
(1480, 1),
(1481, 1),
(1482, 1),
(1483, 1),
(1484, 1),
(1485, 1),
(1486, 1),
(1487, 1),
(1488, 1),
(1489, 1),
(1490, 1),
(1491, 1),
(1492, 1),
(1493, 1),
(1494, 1),
(1495, 1),
(1496, 1),
(1497, 1),
(1498, 1),
(1499, 1),
(1500, 1);

-- --------------------------------------------------------

--
-- Структура таблицы `adc_universal_text_translations`
--

CREATE TABLE IF NOT EXISTS `adc_universal_text_translations` (
  `id` int(11) NOT NULL,
  `parent_id` int(10) unsigned NOT NULL,
  `iso_code` varchar(2) NOT NULL,
  `content` text NOT NULL
) ENGINE=InnoDB AUTO_INCREMENT=4501 DEFAULT CHARSET=utf8;

--
-- Дамп данных таблицы `adc_universal_text_translations`
--

INSERT INTO `adc_universal_text_translations` (`id`, `parent_id`, `iso_code`, `content`) VALUES
(1501, 1, 'en', 'Any destination on the lore'),
(1502, 2, 'en', 'Let''s plan your trip'),
(1503, 3, 'en', 'Home'),
(1504, 4, 'en', 'About us'),
(1505, 5, 'en', 'Tours'),
(1506, 6, 'en', 'Incoming'),
(1507, 7, 'en', 'Outgoing'),
(1508, 8, 'en', 'Educational'),
(1509, 9, 'en', 'destination'),
(1510, 10, 'en', 'Book Hotel'),
(1511, 11, 'en', 'Visas'),
(1512, 12, 'en', 'to Armenia'),
(1513, 13, 'en', 'from Armenia'),
(1514, 14, 'en', 'Contact'),
(1515, 15, 'en', 'SPECIAL OFFERS'),
(1516, 16, 'en', 'Best 2015 packages where people love to stay!'),
(1517, 17, 'en', 'LOAD MORE'),
(1518, 18, 'en', 'Share this web page on'),
(1519, 19, 'en', 'Facebook'),
(1520, 20, 'en', 'Google plus'),
(1521, 21, 'en', 'Twitter'),
(1522, 22, 'en', 'Pinterest'),
(1523, 23, 'en', 'Linked In'),
(1524, 24, 'en', 'visit our pages on:'),
(1525, 25, 'en', 'write mail:'),
(1526, 26, 'en', 'LORE TRAVEL'),
(1527, 27, 'en', 'CARLSON WAGONLIT'),
(1528, 28, 'en', 'HOTELS PRO'),
(1529, 29, 'en', 'WHY US'),
(1530, 30, 'en', 'INCOMING TOURS'),
(1531, 31, 'en', 'OUTGOING TOURS'),
(1532, 32, 'en', 'See tours in...'),
(1533, 33, 'en', 'EDUCATIONAL TOURS'),
(1534, 34, 'en', 'DESTINATION'),
(1535, 35, 'en', 'Click on a country on the map to see information about it.  You can also find the country and it''s info using the search box bellow.'),
(1536, 36, 'en', 'Search country'),
(1537, 37, 'en', 'LIST OF COUNTRIES WHOSE CITIZENS DON''T NEED VISA TO VISIT ARMENIA OR CAN OBTAIN IT UPON ARRIVAL'),
(1538, 38, 'en', 'LIST OF COUNTRIES WHOSE CITIZENS CAN GET VISA ON THE BORDER'),
(1539, 39, 'en', 'LIST OF COUNTRIES WHOSE CITIZENS HAVE TO DEMAND VISA BEFORE TRAVELING TO ARMANIA'),
(1540, 40, 'en', 'LIST OF COUNTRIES WHERE ARMENIAN CITIZENS CAN VISIT WITHOUT VISA OR CAN OBTAIN IT UPON ARRIVAL'),
(1541, 41, 'en', 'LIST OF COUNTRIES WHERE ARMENIAN CITIZENS GET VISA ON THE BORDER'),
(1542, 42, 'en', 'LIST OF COUNTRIES WHERE ARMENIAN CITIZENS HAVE TO REQUEST VISA BEFORE THE TRIP'),
(1543, 43, 'en', 'Country'),
(1544, 44, 'en', 'Flag'),
(1545, 45, 'en', 'Descrition'),
(1546, 46, 'en', 'ADDRESS'),
(1547, 47, 'en', 'PHONES'),
(1548, 48, 'en', 'Name'),
(1549, 49, 'en', 'EMAIL'),
(1550, 50, 'en', 'Email'),
(1551, 51, 'en', 'Subject'),
(1552, 52, 'en', 'Message'),
(1553, 53, 'en', 'SUBMIT'),
(1554, 54, 'en', 'Where would you like to go?'),
(1555, 55, 'en', 'destination'),
(1556, 56, 'en', 'Or tell us a bit more about your travel plans'),
(1557, 57, 'en', 'your travel plans'),
(1558, 58, 'en', 'When would you like to go?'),
(1559, 59, 'en', 'Month'),
(1560, 60, 'en', 'January'),
(1561, 61, 'en', 'February'),
(1562, 62, 'en', 'March'),
(1563, 63, 'en', 'April'),
(1564, 64, 'en', 'May'),
(1565, 65, 'en', 'June'),
(1566, 66, 'en', 'July'),
(1567, 67, 'en', 'August'),
(1568, 68, 'en', 'September'),
(1569, 69, 'en', 'October'),
(1570, 70, 'en', 'November'),
(1571, 71, 'en', 'December'),
(1572, 72, 'en', 'How long ?'),
(1573, 73, 'en', 'days'),
(1574, 74, 'en', 'How many people are traveling?'),
(1575, 75, 'en', 'How much would you like to spend per person'),
(1576, 76, 'en', 'Any other comments or requests ?'),
(1577, 77, 'en', 'Name'),
(1578, 78, 'en', 'First name'),
(1579, 79, 'en', 'Last Name'),
(1580, 80, 'en', 'E-mail'),
(1581, 81, 'en', 'Your e-mail address'),
(1582, 82, 'en', 'Telephone'),
(1583, 83, 'en', 'Your telephone number'),
(1584, 84, 'en', 'mandatory fields'),
(1585, 85, 'en', 'Close'),
(1586, 86, 'en', 'Send Request'),
(1587, 87, 'en', 'Thank you, our agents will contact to you soon'),
(1588, 88, 'en', 'ERROR: Please try again later'),
(1589, 89, 'en', 'Customers feedback'),
(1590, 90, 'en', 'Amount'),
(1591, 91, 'en', 'Charents str. 23 Yerevan, Armenia'),
(1592, 92, 'en', 'Tel: +374 (010) 36-95-95'),
(1593, 93, 'en', 'Mob: +374 00-00-00-00'),
(1594, 94, 'en', 'Calculate'),
(1595, 95, 'en', 'Calculate tour'),
(1596, 96, 'en', 'Name'),
(1597, 97, 'en', 'Surname'),
(1598, 98, 'en', 'Travelers'),
(1599, 99, 'en', 'Type of room'),
(1600, 100, 'en', 'Single'),
(1601, 101, 'en', 'Double'),
(1602, 102, 'en', 'Twin'),
(1603, 103, 'en', 'Triple'),
(1604, 104, 'en', 'Dates'),
(1605, 105, 'en', 'From'),
(1606, 106, 'en', 'To'),
(1607, 107, 'en', ' Contact Number'),
(1608, 108, 'en', 'Contact e-mail'),
(1609, 109, 'en', ' Notes'),
(1610, 110, 'en', 'Count'),
(1611, 111, 'en', 'See tours to'),
(1612, 112, 'en', 'See our comments about the country'),
(1613, 113, 'en', 'Please enter the characters on the right'),
(1614, 114, 'en', 'There was something bad in your data. Please try again'),
(1615, 115, 'en', 'Your entered characters and characters on the image do not match.'),
(1616, 116, 'en', 'Can not see the characters'),
(1617, 117, 'en', 'Visa for '),
(1618, 118, 'en', 'See the whole list'),
(1619, 119, 'en', 'With visa'),
(1620, 120, 'en', 'Without visa/upon arrival'),
(1621, 121, 'en', 'OUR PARTNERS'),
(1622, 122, 'en', 'EDUCATIONAL ACCREDITATION AND PARTNERS'),
(1623, 123, 'en', 'Zoom in'),
(1624, 124, 'en', 'Zoom out'),
(1625, 125, 'en', 'Reset'),
(1626, 126, 'en', 'Amadeus'),
(1627, 127, 'en', 'IATA'),
(1628, 128, 'en', 'SAbre'),
(1629, 129, 'en', 'Tickets'),
(1630, 130, 'en', 'Tickets'),
(1631, 131, 'en', 'Order a trip'),
(1632, 132, 'en', 'Trip Plan'),
(1633, 133, 'en', 'Email: loretravel@gmail.com'),
(1634, 134, 'en', 'Site: loretravel.com'),
(1635, 135, 'en', 'What we Do'),
(1636, 136, 'en', ''),
(1637, 137, 'en', ''),
(1638, 138, 'en', ''),
(1639, 139, 'en', ''),
(1640, 140, 'en', ''),
(1641, 141, 'en', ''),
(1642, 142, 'en', ''),
(1643, 143, 'en', ''),
(1644, 144, 'en', ''),
(1645, 145, 'en', ''),
(1646, 146, 'en', ''),
(1647, 147, 'en', ''),
(1648, 148, 'en', ''),
(1649, 149, 'en', ''),
(1650, 150, 'en', ''),
(1651, 151, 'en', ''),
(1652, 152, 'en', ''),
(1653, 153, 'en', ''),
(1654, 154, 'en', ''),
(1655, 155, 'en', ''),
(1656, 156, 'en', ''),
(1657, 157, 'en', ''),
(1658, 158, 'en', ''),
(1659, 159, 'en', ''),
(1660, 160, 'en', ''),
(1661, 161, 'en', ''),
(1662, 162, 'en', ''),
(1663, 163, 'en', ''),
(1664, 164, 'en', ''),
(1665, 165, 'en', ''),
(1666, 166, 'en', ''),
(1667, 167, 'en', ''),
(1668, 168, 'en', ''),
(1669, 169, 'en', ''),
(1670, 170, 'en', 'bara_bara_bara'),
(1671, 171, 'en', ''),
(1672, 172, 'en', ''),
(1673, 173, 'en', ''),
(1674, 174, 'en', ''),
(1675, 175, 'en', ''),
(1676, 176, 'en', ''),
(1677, 177, 'en', ''),
(1678, 178, 'en', ''),
(1679, 179, 'en', ''),
(1680, 180, 'en', ''),
(1681, 181, 'en', ''),
(1682, 182, 'en', ''),
(1683, 183, 'en', ''),
(1684, 184, 'en', ''),
(1685, 185, 'en', ''),
(1686, 186, 'en', ''),
(1687, 187, 'en', ''),
(1688, 188, 'en', ''),
(1689, 189, 'en', ''),
(1690, 190, 'en', ''),
(1691, 191, 'en', ''),
(1692, 192, 'en', ''),
(1693, 193, 'en', ''),
(1694, 194, 'en', ''),
(1695, 195, 'en', ''),
(1696, 196, 'en', ''),
(1697, 197, 'en', ''),
(1698, 198, 'en', ''),
(1699, 199, 'en', ''),
(1700, 200, 'en', ''),
(1701, 201, 'en', ''),
(1702, 202, 'en', ''),
(1703, 203, 'en', ''),
(1704, 204, 'en', ''),
(1705, 205, 'en', ''),
(1706, 206, 'en', ''),
(1707, 207, 'en', ''),
(1708, 208, 'en', ''),
(1709, 209, 'en', ''),
(1710, 210, 'en', ''),
(1711, 211, 'en', ''),
(1712, 212, 'en', ''),
(1713, 213, 'en', ''),
(1714, 214, 'en', ''),
(1715, 215, 'en', ''),
(1716, 216, 'en', ''),
(1717, 217, 'en', ''),
(1718, 218, 'en', ''),
(1719, 219, 'en', ''),
(1720, 220, 'en', ''),
(1721, 221, 'en', ''),
(1722, 222, 'en', ''),
(1723, 223, 'en', ''),
(1724, 224, 'en', ''),
(1725, 225, 'en', ''),
(1726, 226, 'en', ''),
(1727, 227, 'en', ''),
(1728, 228, 'en', ''),
(1729, 229, 'en', ''),
(1730, 230, 'en', ''),
(1731, 231, 'en', ''),
(1732, 232, 'en', ''),
(1733, 233, 'en', ''),
(1734, 234, 'en', ''),
(1735, 235, 'en', ''),
(1736, 236, 'en', ''),
(1737, 237, 'en', ''),
(1738, 238, 'en', ''),
(1739, 239, 'en', ''),
(1740, 240, 'en', ''),
(1741, 241, 'en', ''),
(1742, 242, 'en', ''),
(1743, 243, 'en', ''),
(1744, 244, 'en', ''),
(1745, 245, 'en', ''),
(1746, 246, 'en', ''),
(1747, 247, 'en', ''),
(1748, 248, 'en', ''),
(1749, 249, 'en', ''),
(1750, 250, 'en', ''),
(1751, 251, 'en', ''),
(1752, 252, 'en', ''),
(1753, 253, 'en', ''),
(1754, 254, 'en', ''),
(1755, 255, 'en', ''),
(1756, 256, 'en', ''),
(1757, 257, 'en', ''),
(1758, 258, 'en', ''),
(1759, 259, 'en', ''),
(1760, 260, 'en', ''),
(1761, 261, 'en', ''),
(1762, 262, 'en', ''),
(1763, 263, 'en', ''),
(1764, 264, 'en', ''),
(1765, 265, 'en', ''),
(1766, 266, 'en', ''),
(1767, 267, 'en', ''),
(1768, 268, 'en', ''),
(1769, 269, 'en', ''),
(1770, 270, 'en', ''),
(1771, 271, 'en', ''),
(1772, 272, 'en', ''),
(1773, 273, 'en', ''),
(1774, 274, 'en', ''),
(1775, 275, 'en', ''),
(1776, 276, 'en', ''),
(1777, 277, 'en', ''),
(1778, 278, 'en', ''),
(1779, 279, 'en', ''),
(1780, 280, 'en', ''),
(1781, 281, 'en', ''),
(1782, 282, 'en', ''),
(1783, 283, 'en', ''),
(1784, 284, 'en', ''),
(1785, 285, 'en', ''),
(1786, 286, 'en', ''),
(1787, 287, 'en', ''),
(1788, 288, 'en', ''),
(1789, 289, 'en', ''),
(1790, 290, 'en', ''),
(1791, 291, 'en', ''),
(1792, 292, 'en', ''),
(1793, 293, 'en', ''),
(1794, 294, 'en', ''),
(1795, 295, 'en', ''),
(1796, 296, 'en', ''),
(1797, 297, 'en', ''),
(1798, 298, 'en', ''),
(1799, 299, 'en', ''),
(1800, 300, 'en', ''),
(1801, 301, 'en', ''),
(1802, 302, 'en', ''),
(1803, 303, 'en', ''),
(1804, 304, 'en', ''),
(1805, 305, 'en', ''),
(1806, 306, 'en', ''),
(1807, 307, 'en', ''),
(1808, 308, 'en', ''),
(1809, 309, 'en', ''),
(1810, 310, 'en', ''),
(1811, 311, 'en', ''),
(1812, 312, 'en', ''),
(1813, 313, 'en', ''),
(1814, 314, 'en', ''),
(1815, 315, 'en', ''),
(1816, 316, 'en', ''),
(1817, 317, 'en', ''),
(1818, 318, 'en', ''),
(1819, 319, 'en', ''),
(1820, 320, 'en', ''),
(1821, 321, 'en', ''),
(1822, 322, 'en', ''),
(1823, 323, 'en', ''),
(1824, 324, 'en', ''),
(1825, 325, 'en', ''),
(1826, 326, 'en', ''),
(1827, 327, 'en', ''),
(1828, 328, 'en', ''),
(1829, 329, 'en', ''),
(1830, 330, 'en', ''),
(1831, 331, 'en', ''),
(1832, 332, 'en', ''),
(1833, 333, 'en', ''),
(1834, 334, 'en', ''),
(1835, 335, 'en', ''),
(1836, 336, 'en', ''),
(1837, 337, 'en', ''),
(1838, 338, 'en', ''),
(1839, 339, 'en', ''),
(1840, 340, 'en', ''),
(1841, 341, 'en', ''),
(1842, 342, 'en', ''),
(1843, 343, 'en', ''),
(1844, 344, 'en', ''),
(1845, 345, 'en', ''),
(1846, 346, 'en', ''),
(1847, 347, 'en', ''),
(1848, 348, 'en', ''),
(1849, 349, 'en', ''),
(1850, 350, 'en', ''),
(1851, 351, 'en', ''),
(1852, 352, 'en', ''),
(1853, 353, 'en', ''),
(1854, 354, 'en', ''),
(1855, 355, 'en', ''),
(1856, 356, 'en', ''),
(1857, 357, 'en', ''),
(1858, 358, 'en', ''),
(1859, 359, 'en', ''),
(1860, 360, 'en', ''),
(1861, 361, 'en', ''),
(1862, 362, 'en', ''),
(1863, 363, 'en', ''),
(1864, 364, 'en', ''),
(1865, 365, 'en', ''),
(1866, 366, 'en', ''),
(1867, 367, 'en', ''),
(1868, 368, 'en', ''),
(1869, 369, 'en', ''),
(1870, 370, 'en', ''),
(1871, 371, 'en', ''),
(1872, 372, 'en', ''),
(1873, 373, 'en', ''),
(1874, 374, 'en', ''),
(1875, 375, 'en', ''),
(1876, 376, 'en', ''),
(1877, 377, 'en', ''),
(1878, 378, 'en', ''),
(1879, 379, 'en', ''),
(1880, 380, 'en', ''),
(1881, 381, 'en', ''),
(1882, 382, 'en', ''),
(1883, 383, 'en', ''),
(1884, 384, 'en', ''),
(1885, 385, 'en', ''),
(1886, 386, 'en', ''),
(1887, 387, 'en', ''),
(1888, 388, 'en', ''),
(1889, 389, 'en', ''),
(1890, 390, 'en', ''),
(1891, 391, 'en', ''),
(1892, 392, 'en', ''),
(1893, 393, 'en', ''),
(1894, 394, 'en', ''),
(1895, 395, 'en', ''),
(1896, 396, 'en', ''),
(1897, 397, 'en', ''),
(1898, 398, 'en', ''),
(1899, 399, 'en', ''),
(1900, 400, 'en', ''),
(1901, 401, 'en', ''),
(1902, 402, 'en', ''),
(1903, 403, 'en', ''),
(1904, 404, 'en', ''),
(1905, 405, 'en', ''),
(1906, 406, 'en', ''),
(1907, 407, 'en', ''),
(1908, 408, 'en', ''),
(1909, 409, 'en', ''),
(1910, 410, 'en', ''),
(1911, 411, 'en', ''),
(1912, 412, 'en', ''),
(1913, 413, 'en', ''),
(1914, 414, 'en', ''),
(1915, 415, 'en', ''),
(1916, 416, 'en', ''),
(1917, 417, 'en', ''),
(1918, 418, 'en', ''),
(1919, 419, 'en', ''),
(1920, 420, 'en', ''),
(1921, 421, 'en', ''),
(1922, 422, 'en', ''),
(1923, 423, 'en', ''),
(1924, 424, 'en', ''),
(1925, 425, 'en', ''),
(1926, 426, 'en', ''),
(1927, 427, 'en', ''),
(1928, 428, 'en', ''),
(1929, 429, 'en', ''),
(1930, 430, 'en', ''),
(1931, 431, 'en', ''),
(1932, 432, 'en', ''),
(1933, 433, 'en', ''),
(1934, 434, 'en', ''),
(1935, 435, 'en', ''),
(1936, 436, 'en', ''),
(1937, 437, 'en', ''),
(1938, 438, 'en', ''),
(1939, 439, 'en', ''),
(1940, 440, 'en', ''),
(1941, 441, 'en', ''),
(1942, 442, 'en', ''),
(1943, 443, 'en', ''),
(1944, 444, 'en', ''),
(1945, 445, 'en', ''),
(1946, 446, 'en', ''),
(1947, 447, 'en', ''),
(1948, 448, 'en', ''),
(1949, 449, 'en', ''),
(1950, 450, 'en', ''),
(1951, 451, 'en', ''),
(1952, 452, 'en', ''),
(1953, 453, 'en', ''),
(1954, 454, 'en', ''),
(1955, 455, 'en', ''),
(1956, 456, 'en', ''),
(1957, 457, 'en', ''),
(1958, 458, 'en', ''),
(1959, 459, 'en', ''),
(1960, 460, 'en', ''),
(1961, 461, 'en', ''),
(1962, 462, 'en', ''),
(1963, 463, 'en', ''),
(1964, 464, 'en', ''),
(1965, 465, 'en', ''),
(1966, 466, 'en', ''),
(1967, 467, 'en', ''),
(1968, 468, 'en', ''),
(1969, 469, 'en', ''),
(1970, 470, 'en', ''),
(1971, 471, 'en', ''),
(1972, 472, 'en', ''),
(1973, 473, 'en', ''),
(1974, 474, 'en', ''),
(1975, 475, 'en', ''),
(1976, 476, 'en', ''),
(1977, 477, 'en', ''),
(1978, 478, 'en', ''),
(1979, 479, 'en', ''),
(1980, 480, 'en', ''),
(1981, 481, 'en', ''),
(1982, 482, 'en', ''),
(1983, 483, 'en', ''),
(1984, 484, 'en', ''),
(1985, 485, 'en', ''),
(1986, 486, 'en', ''),
(1987, 487, 'en', ''),
(1988, 488, 'en', ''),
(1989, 489, 'en', ''),
(1990, 490, 'en', ''),
(1991, 491, 'en', ''),
(1992, 492, 'en', ''),
(1993, 493, 'en', ''),
(1994, 494, 'en', ''),
(1995, 495, 'en', ''),
(1996, 496, 'en', ''),
(1997, 497, 'en', ''),
(1998, 498, 'en', ''),
(1999, 499, 'en', ''),
(2000, 500, 'en', ''),
(2001, 501, 'en', ''),
(2002, 502, 'en', ''),
(2003, 503, 'en', ''),
(2004, 504, 'en', ''),
(2005, 505, 'en', ''),
(2006, 506, 'en', ''),
(2007, 507, 'en', ''),
(2008, 508, 'en', ''),
(2009, 509, 'en', ''),
(2010, 510, 'en', ''),
(2011, 511, 'en', ''),
(2012, 512, 'en', ''),
(2013, 513, 'en', ''),
(2014, 514, 'en', ''),
(2015, 515, 'en', ''),
(2016, 516, 'en', ''),
(2017, 517, 'en', ''),
(2018, 518, 'en', ''),
(2019, 519, 'en', ''),
(2020, 520, 'en', ''),
(2021, 521, 'en', ''),
(2022, 522, 'en', ''),
(2023, 523, 'en', ''),
(2024, 524, 'en', ''),
(2025, 525, 'en', ''),
(2026, 526, 'en', ''),
(2027, 527, 'en', ''),
(2028, 528, 'en', ''),
(2029, 529, 'en', ''),
(2030, 530, 'en', ''),
(2031, 531, 'en', ''),
(2032, 532, 'en', ''),
(2033, 533, 'en', ''),
(2034, 534, 'en', ''),
(2035, 535, 'en', ''),
(2036, 536, 'en', ''),
(2037, 537, 'en', ''),
(2038, 538, 'en', ''),
(2039, 539, 'en', ''),
(2040, 540, 'en', ''),
(2041, 541, 'en', ''),
(2042, 542, 'en', ''),
(2043, 543, 'en', ''),
(2044, 544, 'en', ''),
(2045, 545, 'en', ''),
(2046, 546, 'en', ''),
(2047, 547, 'en', ''),
(2048, 548, 'en', ''),
(2049, 549, 'en', ''),
(2050, 550, 'en', ''),
(2051, 551, 'en', ''),
(2052, 552, 'en', ''),
(2053, 553, 'en', ''),
(2054, 554, 'en', ''),
(2055, 555, 'en', ''),
(2056, 556, 'en', ''),
(2057, 557, 'en', ''),
(2058, 558, 'en', ''),
(2059, 559, 'en', ''),
(2060, 560, 'en', ''),
(2061, 561, 'en', ''),
(2062, 562, 'en', ''),
(2063, 563, 'en', ''),
(2064, 564, 'en', ''),
(2065, 565, 'en', ''),
(2066, 566, 'en', ''),
(2067, 567, 'en', ''),
(2068, 568, 'en', ''),
(2069, 569, 'en', ''),
(2070, 570, 'en', ''),
(2071, 571, 'en', ''),
(2072, 572, 'en', ''),
(2073, 573, 'en', ''),
(2074, 574, 'en', ''),
(2075, 575, 'en', ''),
(2076, 576, 'en', ''),
(2077, 577, 'en', ''),
(2078, 578, 'en', ''),
(2079, 579, 'en', ''),
(2080, 580, 'en', ''),
(2081, 581, 'en', ''),
(2082, 582, 'en', ''),
(2083, 583, 'en', ''),
(2084, 584, 'en', ''),
(2085, 585, 'en', ''),
(2086, 586, 'en', ''),
(2087, 587, 'en', ''),
(2088, 588, 'en', ''),
(2089, 589, 'en', ''),
(2090, 590, 'en', ''),
(2091, 591, 'en', ''),
(2092, 592, 'en', ''),
(2093, 593, 'en', ''),
(2094, 594, 'en', ''),
(2095, 595, 'en', ''),
(2096, 596, 'en', ''),
(2097, 597, 'en', ''),
(2098, 598, 'en', ''),
(2099, 599, 'en', ''),
(2100, 600, 'en', ''),
(2101, 601, 'en', ''),
(2102, 602, 'en', ''),
(2103, 603, 'en', ''),
(2104, 604, 'en', ''),
(2105, 605, 'en', ''),
(2106, 606, 'en', ''),
(2107, 607, 'en', ''),
(2108, 608, 'en', ''),
(2109, 609, 'en', ''),
(2110, 610, 'en', ''),
(2111, 611, 'en', ''),
(2112, 612, 'en', ''),
(2113, 613, 'en', ''),
(2114, 614, 'en', ''),
(2115, 615, 'en', ''),
(2116, 616, 'en', ''),
(2117, 617, 'en', ''),
(2118, 618, 'en', ''),
(2119, 619, 'en', ''),
(2120, 620, 'en', ''),
(2121, 621, 'en', ''),
(2122, 622, 'en', ''),
(2123, 623, 'en', ''),
(2124, 624, 'en', ''),
(2125, 625, 'en', ''),
(2126, 626, 'en', ''),
(2127, 627, 'en', ''),
(2128, 628, 'en', ''),
(2129, 629, 'en', ''),
(2130, 630, 'en', ''),
(2131, 631, 'en', ''),
(2132, 632, 'en', ''),
(2133, 633, 'en', ''),
(2134, 634, 'en', ''),
(2135, 635, 'en', ''),
(2136, 636, 'en', ''),
(2137, 637, 'en', ''),
(2138, 638, 'en', ''),
(2139, 639, 'en', ''),
(2140, 640, 'en', ''),
(2141, 641, 'en', ''),
(2142, 642, 'en', ''),
(2143, 643, 'en', ''),
(2144, 644, 'en', ''),
(2145, 645, 'en', ''),
(2146, 646, 'en', ''),
(2147, 647, 'en', ''),
(2148, 648, 'en', ''),
(2149, 649, 'en', ''),
(2150, 650, 'en', ''),
(2151, 651, 'en', ''),
(2152, 652, 'en', ''),
(2153, 653, 'en', ''),
(2154, 654, 'en', ''),
(2155, 655, 'en', ''),
(2156, 656, 'en', ''),
(2157, 657, 'en', ''),
(2158, 658, 'en', ''),
(2159, 659, 'en', ''),
(2160, 660, 'en', ''),
(2161, 661, 'en', ''),
(2162, 662, 'en', ''),
(2163, 663, 'en', ''),
(2164, 664, 'en', ''),
(2165, 665, 'en', ''),
(2166, 666, 'en', ''),
(2167, 667, 'en', ''),
(2168, 668, 'en', ''),
(2169, 669, 'en', ''),
(2170, 670, 'en', ''),
(2171, 671, 'en', ''),
(2172, 672, 'en', ''),
(2173, 673, 'en', ''),
(2174, 674, 'en', ''),
(2175, 675, 'en', ''),
(2176, 676, 'en', ''),
(2177, 677, 'en', ''),
(2178, 678, 'en', ''),
(2179, 679, 'en', ''),
(2180, 680, 'en', ''),
(2181, 681, 'en', ''),
(2182, 682, 'en', ''),
(2183, 683, 'en', ''),
(2184, 684, 'en', ''),
(2185, 685, 'en', ''),
(2186, 686, 'en', ''),
(2187, 687, 'en', ''),
(2188, 688, 'en', ''),
(2189, 689, 'en', ''),
(2190, 690, 'en', ''),
(2191, 691, 'en', ''),
(2192, 692, 'en', ''),
(2193, 693, 'en', ''),
(2194, 694, 'en', ''),
(2195, 695, 'en', ''),
(2196, 696, 'en', ''),
(2197, 697, 'en', ''),
(2198, 698, 'en', ''),
(2199, 699, 'en', ''),
(2200, 700, 'en', ''),
(2201, 701, 'en', ''),
(2202, 702, 'en', ''),
(2203, 703, 'en', ''),
(2204, 704, 'en', ''),
(2205, 705, 'en', ''),
(2206, 706, 'en', ''),
(2207, 707, 'en', ''),
(2208, 708, 'en', ''),
(2209, 709, 'en', ''),
(2210, 710, 'en', ''),
(2211, 711, 'en', ''),
(2212, 712, 'en', ''),
(2213, 713, 'en', ''),
(2214, 714, 'en', ''),
(2215, 715, 'en', ''),
(2216, 716, 'en', ''),
(2217, 717, 'en', ''),
(2218, 718, 'en', ''),
(2219, 719, 'en', ''),
(2220, 720, 'en', ''),
(2221, 721, 'en', ''),
(2222, 722, 'en', ''),
(2223, 723, 'en', ''),
(2224, 724, 'en', ''),
(2225, 725, 'en', ''),
(2226, 726, 'en', ''),
(2227, 727, 'en', ''),
(2228, 728, 'en', ''),
(2229, 729, 'en', ''),
(2230, 730, 'en', ''),
(2231, 731, 'en', ''),
(2232, 732, 'en', ''),
(2233, 733, 'en', ''),
(2234, 734, 'en', ''),
(2235, 735, 'en', ''),
(2236, 736, 'en', ''),
(2237, 737, 'en', ''),
(2238, 738, 'en', ''),
(2239, 739, 'en', ''),
(2240, 740, 'en', ''),
(2241, 741, 'en', ''),
(2242, 742, 'en', ''),
(2243, 743, 'en', ''),
(2244, 744, 'en', ''),
(2245, 745, 'en', ''),
(2246, 746, 'en', ''),
(2247, 747, 'en', ''),
(2248, 748, 'en', ''),
(2249, 749, 'en', ''),
(2250, 750, 'en', ''),
(2251, 751, 'en', ''),
(2252, 752, 'en', ''),
(2253, 753, 'en', ''),
(2254, 754, 'en', ''),
(2255, 755, 'en', ''),
(2256, 756, 'en', ''),
(2257, 757, 'en', ''),
(2258, 758, 'en', ''),
(2259, 759, 'en', ''),
(2260, 760, 'en', ''),
(2261, 761, 'en', ''),
(2262, 762, 'en', ''),
(2263, 763, 'en', ''),
(2264, 764, 'en', ''),
(2265, 765, 'en', ''),
(2266, 766, 'en', ''),
(2267, 767, 'en', ''),
(2268, 768, 'en', ''),
(2269, 769, 'en', ''),
(2270, 770, 'en', ''),
(2271, 771, 'en', ''),
(2272, 772, 'en', ''),
(2273, 773, 'en', ''),
(2274, 774, 'en', ''),
(2275, 775, 'en', ''),
(2276, 776, 'en', ''),
(2277, 777, 'en', ''),
(2278, 778, 'en', ''),
(2279, 779, 'en', ''),
(2280, 780, 'en', ''),
(2281, 781, 'en', ''),
(2282, 782, 'en', ''),
(2283, 783, 'en', ''),
(2284, 784, 'en', ''),
(2285, 785, 'en', ''),
(2286, 786, 'en', ''),
(2287, 787, 'en', ''),
(2288, 788, 'en', ''),
(2289, 789, 'en', ''),
(2290, 790, 'en', ''),
(2291, 791, 'en', ''),
(2292, 792, 'en', ''),
(2293, 793, 'en', ''),
(2294, 794, 'en', ''),
(2295, 795, 'en', ''),
(2296, 796, 'en', ''),
(2297, 797, 'en', ''),
(2298, 798, 'en', ''),
(2299, 799, 'en', ''),
(2300, 800, 'en', ''),
(2301, 801, 'en', ''),
(2302, 802, 'en', ''),
(2303, 803, 'en', ''),
(2304, 804, 'en', ''),
(2305, 805, 'en', ''),
(2306, 806, 'en', ''),
(2307, 807, 'en', ''),
(2308, 808, 'en', ''),
(2309, 809, 'en', ''),
(2310, 810, 'en', ''),
(2311, 811, 'en', ''),
(2312, 812, 'en', ''),
(2313, 813, 'en', ''),
(2314, 814, 'en', ''),
(2315, 815, 'en', ''),
(2316, 816, 'en', ''),
(2317, 817, 'en', ''),
(2318, 818, 'en', ''),
(2319, 819, 'en', ''),
(2320, 820, 'en', ''),
(2321, 821, 'en', ''),
(2322, 822, 'en', ''),
(2323, 823, 'en', ''),
(2324, 824, 'en', ''),
(2325, 825, 'en', ''),
(2326, 826, 'en', ''),
(2327, 827, 'en', ''),
(2328, 828, 'en', ''),
(2329, 829, 'en', ''),
(2330, 830, 'en', ''),
(2331, 831, 'en', ''),
(2332, 832, 'en', ''),
(2333, 833, 'en', ''),
(2334, 834, 'en', ''),
(2335, 835, 'en', ''),
(2336, 836, 'en', ''),
(2337, 837, 'en', ''),
(2338, 838, 'en', ''),
(2339, 839, 'en', ''),
(2340, 840, 'en', ''),
(2341, 841, 'en', ''),
(2342, 842, 'en', ''),
(2343, 843, 'en', ''),
(2344, 844, 'en', ''),
(2345, 845, 'en', ''),
(2346, 846, 'en', ''),
(2347, 847, 'en', ''),
(2348, 848, 'en', ''),
(2349, 849, 'en', ''),
(2350, 850, 'en', ''),
(2351, 851, 'en', ''),
(2352, 852, 'en', ''),
(2353, 853, 'en', ''),
(2354, 854, 'en', ''),
(2355, 855, 'en', ''),
(2356, 856, 'en', ''),
(2357, 857, 'en', ''),
(2358, 858, 'en', ''),
(2359, 859, 'en', ''),
(2360, 860, 'en', ''),
(2361, 861, 'en', ''),
(2362, 862, 'en', ''),
(2363, 863, 'en', ''),
(2364, 864, 'en', ''),
(2365, 865, 'en', ''),
(2366, 866, 'en', ''),
(2367, 867, 'en', ''),
(2368, 868, 'en', ''),
(2369, 869, 'en', ''),
(2370, 870, 'en', ''),
(2371, 871, 'en', ''),
(2372, 872, 'en', ''),
(2373, 873, 'en', ''),
(2374, 874, 'en', ''),
(2375, 875, 'en', ''),
(2376, 876, 'en', ''),
(2377, 877, 'en', ''),
(2378, 878, 'en', ''),
(2379, 879, 'en', ''),
(2380, 880, 'en', ''),
(2381, 881, 'en', ''),
(2382, 882, 'en', ''),
(2383, 883, 'en', ''),
(2384, 884, 'en', ''),
(2385, 885, 'en', ''),
(2386, 886, 'en', ''),
(2387, 887, 'en', ''),
(2388, 888, 'en', ''),
(2389, 889, 'en', ''),
(2390, 890, 'en', ''),
(2391, 891, 'en', ''),
(2392, 892, 'en', ''),
(2393, 893, 'en', ''),
(2394, 894, 'en', ''),
(2395, 895, 'en', ''),
(2396, 896, 'en', ''),
(2397, 897, 'en', ''),
(2398, 898, 'en', ''),
(2399, 899, 'en', ''),
(2400, 900, 'en', ''),
(2401, 901, 'en', ''),
(2402, 902, 'en', ''),
(2403, 903, 'en', ''),
(2404, 904, 'en', ''),
(2405, 905, 'en', ''),
(2406, 906, 'en', ''),
(2407, 907, 'en', ''),
(2408, 908, 'en', ''),
(2409, 909, 'en', ''),
(2410, 910, 'en', ''),
(2411, 911, 'en', ''),
(2412, 912, 'en', ''),
(2413, 913, 'en', ''),
(2414, 914, 'en', ''),
(2415, 915, 'en', ''),
(2416, 916, 'en', ''),
(2417, 917, 'en', ''),
(2418, 918, 'en', ''),
(2419, 919, 'en', ''),
(2420, 920, 'en', ''),
(2421, 921, 'en', ''),
(2422, 922, 'en', ''),
(2423, 923, 'en', ''),
(2424, 924, 'en', ''),
(2425, 925, 'en', ''),
(2426, 926, 'en', ''),
(2427, 927, 'en', ''),
(2428, 928, 'en', ''),
(2429, 929, 'en', ''),
(2430, 930, 'en', ''),
(2431, 931, 'en', ''),
(2432, 932, 'en', ''),
(2433, 933, 'en', ''),
(2434, 934, 'en', ''),
(2435, 935, 'en', ''),
(2436, 936, 'en', ''),
(2437, 937, 'en', ''),
(2438, 938, 'en', ''),
(2439, 939, 'en', ''),
(2440, 940, 'en', ''),
(2441, 941, 'en', ''),
(2442, 942, 'en', ''),
(2443, 943, 'en', ''),
(2444, 944, 'en', ''),
(2445, 945, 'en', ''),
(2446, 946, 'en', ''),
(2447, 947, 'en', ''),
(2448, 948, 'en', ''),
(2449, 949, 'en', ''),
(2450, 950, 'en', ''),
(2451, 951, 'en', ''),
(2452, 952, 'en', ''),
(2453, 953, 'en', ''),
(2454, 954, 'en', ''),
(2455, 955, 'en', ''),
(2456, 956, 'en', ''),
(2457, 957, 'en', ''),
(2458, 958, 'en', ''),
(2459, 959, 'en', ''),
(2460, 960, 'en', ''),
(2461, 961, 'en', ''),
(2462, 962, 'en', ''),
(2463, 963, 'en', ''),
(2464, 964, 'en', ''),
(2465, 965, 'en', ''),
(2466, 966, 'en', ''),
(2467, 967, 'en', ''),
(2468, 968, 'en', ''),
(2469, 969, 'en', ''),
(2470, 970, 'en', ''),
(2471, 971, 'en', ''),
(2472, 972, 'en', ''),
(2473, 973, 'en', ''),
(2474, 974, 'en', ''),
(2475, 975, 'en', ''),
(2476, 976, 'en', ''),
(2477, 977, 'en', ''),
(2478, 978, 'en', ''),
(2479, 979, 'en', ''),
(2480, 980, 'en', ''),
(2481, 981, 'en', ''),
(2482, 982, 'en', ''),
(2483, 983, 'en', ''),
(2484, 984, 'en', ''),
(2485, 985, 'en', ''),
(2486, 986, 'en', ''),
(2487, 987, 'en', ''),
(2488, 988, 'en', ''),
(2489, 989, 'en', ''),
(2490, 990, 'en', ''),
(2491, 991, 'en', ''),
(2492, 992, 'en', ''),
(2493, 993, 'en', ''),
(2494, 994, 'en', ''),
(2495, 995, 'en', ''),
(2496, 996, 'en', ''),
(2497, 997, 'en', ''),
(2498, 998, 'en', ''),
(2499, 999, 'en', ''),
(2500, 1000, 'en', ''),
(2501, 1001, 'en', ''),
(2502, 1002, 'en', ''),
(2503, 1003, 'en', ''),
(2504, 1004, 'en', ''),
(2505, 1005, 'en', ''),
(2506, 1006, 'en', ''),
(2507, 1007, 'en', ''),
(2508, 1008, 'en', ''),
(2509, 1009, 'en', ''),
(2510, 1010, 'en', ''),
(2511, 1011, 'en', ''),
(2512, 1012, 'en', ''),
(2513, 1013, 'en', ''),
(2514, 1014, 'en', ''),
(2515, 1015, 'en', ''),
(2516, 1016, 'en', ''),
(2517, 1017, 'en', ''),
(2518, 1018, 'en', ''),
(2519, 1019, 'en', ''),
(2520, 1020, 'en', ''),
(2521, 1021, 'en', ''),
(2522, 1022, 'en', ''),
(2523, 1023, 'en', ''),
(2524, 1024, 'en', ''),
(2525, 1025, 'en', ''),
(2526, 1026, 'en', ''),
(2527, 1027, 'en', ''),
(2528, 1028, 'en', ''),
(2529, 1029, 'en', ''),
(2530, 1030, 'en', ''),
(2531, 1031, 'en', ''),
(2532, 1032, 'en', ''),
(2533, 1033, 'en', ''),
(2534, 1034, 'en', ''),
(2535, 1035, 'en', ''),
(2536, 1036, 'en', ''),
(2537, 1037, 'en', ''),
(2538, 1038, 'en', ''),
(2539, 1039, 'en', ''),
(2540, 1040, 'en', ''),
(2541, 1041, 'en', ''),
(2542, 1042, 'en', ''),
(2543, 1043, 'en', ''),
(2544, 1044, 'en', ''),
(2545, 1045, 'en', ''),
(2546, 1046, 'en', ''),
(2547, 1047, 'en', ''),
(2548, 1048, 'en', ''),
(2549, 1049, 'en', ''),
(2550, 1050, 'en', ''),
(2551, 1051, 'en', ''),
(2552, 1052, 'en', ''),
(2553, 1053, 'en', ''),
(2554, 1054, 'en', ''),
(2555, 1055, 'en', ''),
(2556, 1056, 'en', ''),
(2557, 1057, 'en', ''),
(2558, 1058, 'en', ''),
(2559, 1059, 'en', ''),
(2560, 1060, 'en', ''),
(2561, 1061, 'en', ''),
(2562, 1062, 'en', ''),
(2563, 1063, 'en', ''),
(2564, 1064, 'en', ''),
(2565, 1065, 'en', ''),
(2566, 1066, 'en', ''),
(2567, 1067, 'en', ''),
(2568, 1068, 'en', ''),
(2569, 1069, 'en', ''),
(2570, 1070, 'en', ''),
(2571, 1071, 'en', ''),
(2572, 1072, 'en', ''),
(2573, 1073, 'en', ''),
(2574, 1074, 'en', ''),
(2575, 1075, 'en', ''),
(2576, 1076, 'en', ''),
(2577, 1077, 'en', ''),
(2578, 1078, 'en', ''),
(2579, 1079, 'en', ''),
(2580, 1080, 'en', ''),
(2581, 1081, 'en', ''),
(2582, 1082, 'en', ''),
(2583, 1083, 'en', ''),
(2584, 1084, 'en', ''),
(2585, 1085, 'en', ''),
(2586, 1086, 'en', ''),
(2587, 1087, 'en', ''),
(2588, 1088, 'en', ''),
(2589, 1089, 'en', ''),
(2590, 1090, 'en', ''),
(2591, 1091, 'en', ''),
(2592, 1092, 'en', ''),
(2593, 1093, 'en', ''),
(2594, 1094, 'en', ''),
(2595, 1095, 'en', ''),
(2596, 1096, 'en', ''),
(2597, 1097, 'en', ''),
(2598, 1098, 'en', ''),
(2599, 1099, 'en', ''),
(2600, 1100, 'en', ''),
(2601, 1101, 'en', ''),
(2602, 1102, 'en', ''),
(2603, 1103, 'en', ''),
(2604, 1104, 'en', ''),
(2605, 1105, 'en', ''),
(2606, 1106, 'en', ''),
(2607, 1107, 'en', ''),
(2608, 1108, 'en', ''),
(2609, 1109, 'en', ''),
(2610, 1110, 'en', ''),
(2611, 1111, 'en', ''),
(2612, 1112, 'en', ''),
(2613, 1113, 'en', ''),
(2614, 1114, 'en', ''),
(2615, 1115, 'en', ''),
(2616, 1116, 'en', ''),
(2617, 1117, 'en', ''),
(2618, 1118, 'en', ''),
(2619, 1119, 'en', ''),
(2620, 1120, 'en', ''),
(2621, 1121, 'en', ''),
(2622, 1122, 'en', ''),
(2623, 1123, 'en', ''),
(2624, 1124, 'en', ''),
(2625, 1125, 'en', ''),
(2626, 1126, 'en', ''),
(2627, 1127, 'en', ''),
(2628, 1128, 'en', ''),
(2629, 1129, 'en', ''),
(2630, 1130, 'en', ''),
(2631, 1131, 'en', ''),
(2632, 1132, 'en', ''),
(2633, 1133, 'en', ''),
(2634, 1134, 'en', ''),
(2635, 1135, 'en', ''),
(2636, 1136, 'en', ''),
(2637, 1137, 'en', ''),
(2638, 1138, 'en', ''),
(2639, 1139, 'en', ''),
(2640, 1140, 'en', ''),
(2641, 1141, 'en', ''),
(2642, 1142, 'en', ''),
(2643, 1143, 'en', ''),
(2644, 1144, 'en', ''),
(2645, 1145, 'en', ''),
(2646, 1146, 'en', ''),
(2647, 1147, 'en', ''),
(2648, 1148, 'en', ''),
(2649, 1149, 'en', ''),
(2650, 1150, 'en', ''),
(2651, 1151, 'en', ''),
(2652, 1152, 'en', ''),
(2653, 1153, 'en', ''),
(2654, 1154, 'en', ''),
(2655, 1155, 'en', ''),
(2656, 1156, 'en', ''),
(2657, 1157, 'en', ''),
(2658, 1158, 'en', ''),
(2659, 1159, 'en', ''),
(2660, 1160, 'en', ''),
(2661, 1161, 'en', ''),
(2662, 1162, 'en', ''),
(2663, 1163, 'en', ''),
(2664, 1164, 'en', ''),
(2665, 1165, 'en', ''),
(2666, 1166, 'en', ''),
(2667, 1167, 'en', ''),
(2668, 1168, 'en', ''),
(2669, 1169, 'en', ''),
(2670, 1170, 'en', ''),
(2671, 1171, 'en', ''),
(2672, 1172, 'en', ''),
(2673, 1173, 'en', ''),
(2674, 1174, 'en', ''),
(2675, 1175, 'en', ''),
(2676, 1176, 'en', ''),
(2677, 1177, 'en', ''),
(2678, 1178, 'en', ''),
(2679, 1179, 'en', ''),
(2680, 1180, 'en', ''),
(2681, 1181, 'en', ''),
(2682, 1182, 'en', ''),
(2683, 1183, 'en', ''),
(2684, 1184, 'en', ''),
(2685, 1185, 'en', ''),
(2686, 1186, 'en', ''),
(2687, 1187, 'en', ''),
(2688, 1188, 'en', ''),
(2689, 1189, 'en', ''),
(2690, 1190, 'en', ''),
(2691, 1191, 'en', ''),
(2692, 1192, 'en', ''),
(2693, 1193, 'en', ''),
(2694, 1194, 'en', ''),
(2695, 1195, 'en', ''),
(2696, 1196, 'en', ''),
(2697, 1197, 'en', ''),
(2698, 1198, 'en', ''),
(2699, 1199, 'en', ''),
(2700, 1200, 'en', ''),
(2701, 1201, 'en', ''),
(2702, 1202, 'en', ''),
(2703, 1203, 'en', ''),
(2704, 1204, 'en', ''),
(2705, 1205, 'en', ''),
(2706, 1206, 'en', ''),
(2707, 1207, 'en', ''),
(2708, 1208, 'en', ''),
(2709, 1209, 'en', ''),
(2710, 1210, 'en', ''),
(2711, 1211, 'en', ''),
(2712, 1212, 'en', ''),
(2713, 1213, 'en', ''),
(2714, 1214, 'en', ''),
(2715, 1215, 'en', ''),
(2716, 1216, 'en', ''),
(2717, 1217, 'en', ''),
(2718, 1218, 'en', ''),
(2719, 1219, 'en', ''),
(2720, 1220, 'en', ''),
(2721, 1221, 'en', ''),
(2722, 1222, 'en', ''),
(2723, 1223, 'en', ''),
(2724, 1224, 'en', ''),
(2725, 1225, 'en', ''),
(2726, 1226, 'en', ''),
(2727, 1227, 'en', ''),
(2728, 1228, 'en', ''),
(2729, 1229, 'en', ''),
(2730, 1230, 'en', ''),
(2731, 1231, 'en', ''),
(2732, 1232, 'en', ''),
(2733, 1233, 'en', ''),
(2734, 1234, 'en', ''),
(2735, 1235, 'en', ''),
(2736, 1236, 'en', ''),
(2737, 1237, 'en', ''),
(2738, 1238, 'en', ''),
(2739, 1239, 'en', ''),
(2740, 1240, 'en', ''),
(2741, 1241, 'en', ''),
(2742, 1242, 'en', ''),
(2743, 1243, 'en', ''),
(2744, 1244, 'en', ''),
(2745, 1245, 'en', ''),
(2746, 1246, 'en', ''),
(2747, 1247, 'en', ''),
(2748, 1248, 'en', ''),
(2749, 1249, 'en', ''),
(2750, 1250, 'en', ''),
(2751, 1251, 'en', ''),
(2752, 1252, 'en', ''),
(2753, 1253, 'en', ''),
(2754, 1254, 'en', ''),
(2755, 1255, 'en', ''),
(2756, 1256, 'en', ''),
(2757, 1257, 'en', ''),
(2758, 1258, 'en', ''),
(2759, 1259, 'en', ''),
(2760, 1260, 'en', ''),
(2761, 1261, 'en', ''),
(2762, 1262, 'en', ''),
(2763, 1263, 'en', ''),
(2764, 1264, 'en', ''),
(2765, 1265, 'en', ''),
(2766, 1266, 'en', ''),
(2767, 1267, 'en', ''),
(2768, 1268, 'en', ''),
(2769, 1269, 'en', ''),
(2770, 1270, 'en', ''),
(2771, 1271, 'en', ''),
(2772, 1272, 'en', ''),
(2773, 1273, 'en', ''),
(2774, 1274, 'en', ''),
(2775, 1275, 'en', ''),
(2776, 1276, 'en', ''),
(2777, 1277, 'en', ''),
(2778, 1278, 'en', ''),
(2779, 1279, 'en', ''),
(2780, 1280, 'en', ''),
(2781, 1281, 'en', ''),
(2782, 1282, 'en', ''),
(2783, 1283, 'en', ''),
(2784, 1284, 'en', ''),
(2785, 1285, 'en', ''),
(2786, 1286, 'en', ''),
(2787, 1287, 'en', ''),
(2788, 1288, 'en', ''),
(2789, 1289, 'en', ''),
(2790, 1290, 'en', ''),
(2791, 1291, 'en', ''),
(2792, 1292, 'en', ''),
(2793, 1293, 'en', ''),
(2794, 1294, 'en', ''),
(2795, 1295, 'en', ''),
(2796, 1296, 'en', ''),
(2797, 1297, 'en', ''),
(2798, 1298, 'en', ''),
(2799, 1299, 'en', ''),
(2800, 1300, 'en', ''),
(2801, 1301, 'en', ''),
(2802, 1302, 'en', ''),
(2803, 1303, 'en', ''),
(2804, 1304, 'en', ''),
(2805, 1305, 'en', ''),
(2806, 1306, 'en', ''),
(2807, 1307, 'en', ''),
(2808, 1308, 'en', ''),
(2809, 1309, 'en', ''),
(2810, 1310, 'en', ''),
(2811, 1311, 'en', ''),
(2812, 1312, 'en', ''),
(2813, 1313, 'en', ''),
(2814, 1314, 'en', ''),
(2815, 1315, 'en', ''),
(2816, 1316, 'en', ''),
(2817, 1317, 'en', ''),
(2818, 1318, 'en', ''),
(2819, 1319, 'en', ''),
(2820, 1320, 'en', ''),
(2821, 1321, 'en', ''),
(2822, 1322, 'en', ''),
(2823, 1323, 'en', ''),
(2824, 1324, 'en', ''),
(2825, 1325, 'en', ''),
(2826, 1326, 'en', ''),
(2827, 1327, 'en', ''),
(2828, 1328, 'en', ''),
(2829, 1329, 'en', ''),
(2830, 1330, 'en', ''),
(2831, 1331, 'en', ''),
(2832, 1332, 'en', ''),
(2833, 1333, 'en', ''),
(2834, 1334, 'en', ''),
(2835, 1335, 'en', ''),
(2836, 1336, 'en', ''),
(2837, 1337, 'en', ''),
(2838, 1338, 'en', ''),
(2839, 1339, 'en', ''),
(2840, 1340, 'en', ''),
(2841, 1341, 'en', ''),
(2842, 1342, 'en', ''),
(2843, 1343, 'en', ''),
(2844, 1344, 'en', ''),
(2845, 1345, 'en', ''),
(2846, 1346, 'en', ''),
(2847, 1347, 'en', ''),
(2848, 1348, 'en', ''),
(2849, 1349, 'en', ''),
(2850, 1350, 'en', ''),
(2851, 1351, 'en', ''),
(2852, 1352, 'en', ''),
(2853, 1353, 'en', ''),
(2854, 1354, 'en', ''),
(2855, 1355, 'en', ''),
(2856, 1356, 'en', ''),
(2857, 1357, 'en', ''),
(2858, 1358, 'en', ''),
(2859, 1359, 'en', ''),
(2860, 1360, 'en', ''),
(2861, 1361, 'en', ''),
(2862, 1362, 'en', ''),
(2863, 1363, 'en', ''),
(2864, 1364, 'en', ''),
(2865, 1365, 'en', ''),
(2866, 1366, 'en', ''),
(2867, 1367, 'en', ''),
(2868, 1368, 'en', ''),
(2869, 1369, 'en', ''),
(2870, 1370, 'en', ''),
(2871, 1371, 'en', ''),
(2872, 1372, 'en', ''),
(2873, 1373, 'en', ''),
(2874, 1374, 'en', ''),
(2875, 1375, 'en', ''),
(2876, 1376, 'en', ''),
(2877, 1377, 'en', ''),
(2878, 1378, 'en', ''),
(2879, 1379, 'en', ''),
(2880, 1380, 'en', ''),
(2881, 1381, 'en', ''),
(2882, 1382, 'en', ''),
(2883, 1383, 'en', ''),
(2884, 1384, 'en', ''),
(2885, 1385, 'en', ''),
(2886, 1386, 'en', ''),
(2887, 1387, 'en', ''),
(2888, 1388, 'en', ''),
(2889, 1389, 'en', ''),
(2890, 1390, 'en', ''),
(2891, 1391, 'en', ''),
(2892, 1392, 'en', ''),
(2893, 1393, 'en', ''),
(2894, 1394, 'en', ''),
(2895, 1395, 'en', ''),
(2896, 1396, 'en', ''),
(2897, 1397, 'en', ''),
(2898, 1398, 'en', ''),
(2899, 1399, 'en', ''),
(2900, 1400, 'en', ''),
(2901, 1401, 'en', ''),
(2902, 1402, 'en', ''),
(2903, 1403, 'en', ''),
(2904, 1404, 'en', ''),
(2905, 1405, 'en', ''),
(2906, 1406, 'en', ''),
(2907, 1407, 'en', ''),
(2908, 1408, 'en', ''),
(2909, 1409, 'en', ''),
(2910, 1410, 'en', ''),
(2911, 1411, 'en', ''),
(2912, 1412, 'en', ''),
(2913, 1413, 'en', ''),
(2914, 1414, 'en', ''),
(2915, 1415, 'en', ''),
(2916, 1416, 'en', ''),
(2917, 1417, 'en', ''),
(2918, 1418, 'en', ''),
(2919, 1419, 'en', ''),
(2920, 1420, 'en', ''),
(2921, 1421, 'en', ''),
(2922, 1422, 'en', ''),
(2923, 1423, 'en', ''),
(2924, 1424, 'en', ''),
(2925, 1425, 'en', ''),
(2926, 1426, 'en', ''),
(2927, 1427, 'en', ''),
(2928, 1428, 'en', ''),
(2929, 1429, 'en', ''),
(2930, 1430, 'en', ''),
(2931, 1431, 'en', ''),
(2932, 1432, 'en', ''),
(2933, 1433, 'en', ''),
(2934, 1434, 'en', ''),
(2935, 1435, 'en', ''),
(2936, 1436, 'en', ''),
(2937, 1437, 'en', ''),
(2938, 1438, 'en', ''),
(2939, 1439, 'en', ''),
(2940, 1440, 'en', ''),
(2941, 1441, 'en', ''),
(2942, 1442, 'en', ''),
(2943, 1443, 'en', ''),
(2944, 1444, 'en', ''),
(2945, 1445, 'en', ''),
(2946, 1446, 'en', ''),
(2947, 1447, 'en', ''),
(2948, 1448, 'en', ''),
(2949, 1449, 'en', ''),
(2950, 1450, 'en', ''),
(2951, 1451, 'en', ''),
(2952, 1452, 'en', ''),
(2953, 1453, 'en', ''),
(2954, 1454, 'en', ''),
(2955, 1455, 'en', ''),
(2956, 1456, 'en', ''),
(2957, 1457, 'en', ''),
(2958, 1458, 'en', ''),
(2959, 1459, 'en', ''),
(2960, 1460, 'en', ''),
(2961, 1461, 'en', ''),
(2962, 1462, 'en', ''),
(2963, 1463, 'en', ''),
(2964, 1464, 'en', ''),
(2965, 1465, 'en', ''),
(2966, 1466, 'en', ''),
(2967, 1467, 'en', ''),
(2968, 1468, 'en', ''),
(2969, 1469, 'en', ''),
(2970, 1470, 'en', ''),
(2971, 1471, 'en', ''),
(2972, 1472, 'en', ''),
(2973, 1473, 'en', ''),
(2974, 1474, 'en', ''),
(2975, 1475, 'en', ''),
(2976, 1476, 'en', ''),
(2977, 1477, 'en', ''),
(2978, 1478, 'en', ''),
(2979, 1479, 'en', ''),
(2980, 1480, 'en', ''),
(2981, 1481, 'en', ''),
(2982, 1482, 'en', ''),
(2983, 1483, 'en', ''),
(2984, 1484, 'en', ''),
(2985, 1485, 'en', ''),
(2986, 1486, 'en', ''),
(2987, 1487, 'en', ''),
(2988, 1488, 'en', ''),
(2989, 1489, 'en', ''),
(2990, 1490, 'en', ''),
(2991, 1491, 'en', ''),
(2992, 1492, 'en', ''),
(2993, 1493, 'en', ''),
(2994, 1494, 'en', ''),
(2995, 1495, 'en', ''),
(2996, 1496, 'en', ''),
(2997, 1497, 'en', ''),
(2998, 1498, 'en', ''),
(2999, 1499, 'en', ''),
(3000, 1500, 'en', ''),
(3001, 1, 'hy', ''),
(3002, 2, 'hy', ''),
(3003, 3, 'hy', ''),
(3004, 4, 'hy', ''),
(3005, 5, 'hy', ''),
(3006, 6, 'hy', ''),
(3007, 7, 'hy', ''),
(3008, 8, 'hy', ''),
(3009, 9, 'hy', ''),
(3010, 10, 'hy', ''),
(3011, 11, 'hy', ''),
(3012, 12, 'hy', ''),
(3013, 13, 'hy', ''),
(3014, 14, 'hy', ''),
(3015, 15, 'hy', ''),
(3016, 16, 'hy', ''),
(3017, 17, 'hy', ''),
(3018, 18, 'hy', ''),
(3019, 19, 'hy', ''),
(3020, 20, 'hy', ''),
(3021, 21, 'hy', ''),
(3022, 22, 'hy', ''),
(3023, 23, 'hy', ''),
(3024, 24, 'hy', ''),
(3025, 25, 'hy', ''),
(3026, 26, 'hy', ''),
(3027, 27, 'hy', ''),
(3028, 28, 'hy', ''),
(3029, 29, 'hy', ''),
(3030, 30, 'hy', ''),
(3031, 31, 'hy', ''),
(3032, 32, 'hy', ''),
(3033, 33, 'hy', ''),
(3034, 34, 'hy', ''),
(3035, 35, 'hy', ''),
(3036, 36, 'hy', ''),
(3037, 37, 'hy', ''),
(3038, 38, 'hy', ''),
(3039, 39, 'hy', ''),
(3040, 40, 'hy', ''),
(3041, 41, 'hy', ''),
(3042, 42, 'hy', ''),
(3043, 43, 'hy', ''),
(3044, 44, 'hy', ''),
(3045, 45, 'hy', ''),
(3046, 46, 'hy', ''),
(3047, 47, 'hy', ''),
(3048, 48, 'hy', ''),
(3049, 49, 'hy', ''),
(3050, 50, 'hy', ''),
(3051, 51, 'hy', ''),
(3052, 52, 'hy', ''),
(3053, 53, 'hy', ''),
(3054, 54, 'hy', ''),
(3055, 55, 'hy', ''),
(3056, 56, 'hy', ''),
(3057, 57, 'hy', ''),
(3058, 58, 'hy', ''),
(3059, 59, 'hy', ''),
(3060, 60, 'hy', ''),
(3061, 61, 'hy', ''),
(3062, 62, 'hy', ''),
(3063, 63, 'hy', ''),
(3064, 64, 'hy', ''),
(3065, 65, 'hy', ''),
(3066, 66, 'hy', ''),
(3067, 67, 'hy', ''),
(3068, 68, 'hy', ''),
(3069, 69, 'hy', ''),
(3070, 70, 'hy', ''),
(3071, 71, 'hy', ''),
(3072, 72, 'hy', ''),
(3073, 73, 'hy', ''),
(3074, 74, 'hy', ''),
(3075, 75, 'hy', ''),
(3076, 76, 'hy', ''),
(3077, 77, 'hy', ''),
(3078, 78, 'hy', ''),
(3079, 79, 'hy', ''),
(3080, 80, 'hy', ''),
(3081, 81, 'hy', ''),
(3082, 82, 'hy', ''),
(3083, 83, 'hy', ''),
(3084, 84, 'hy', ''),
(3085, 85, 'hy', ''),
(3086, 86, 'hy', ''),
(3087, 87, 'hy', ''),
(3088, 88, 'hy', ''),
(3089, 89, 'hy', ''),
(3090, 90, 'hy', ''),
(3091, 91, 'hy', ''),
(3092, 92, 'hy', ''),
(3093, 93, 'hy', ''),
(3094, 94, 'hy', ''),
(3095, 95, 'hy', ''),
(3096, 96, 'hy', ''),
(3097, 97, 'hy', ''),
(3098, 98, 'hy', ''),
(3099, 99, 'hy', ''),
(3100, 100, 'hy', ''),
(3101, 101, 'hy', ''),
(3102, 102, 'hy', ''),
(3103, 103, 'hy', ''),
(3104, 104, 'hy', ''),
(3105, 105, 'hy', ''),
(3106, 106, 'hy', ''),
(3107, 107, 'hy', ''),
(3108, 108, 'hy', ''),
(3109, 109, 'hy', ''),
(3110, 110, 'hy', ''),
(3111, 111, 'hy', ''),
(3112, 112, 'hy', ''),
(3113, 113, 'hy', ''),
(3114, 114, 'hy', ''),
(3115, 115, 'hy', ''),
(3116, 116, 'hy', ''),
(3117, 117, 'hy', ''),
(3118, 118, 'hy', ''),
(3119, 119, 'hy', ''),
(3120, 120, 'hy', ''),
(3121, 121, 'hy', ''),
(3122, 122, 'hy', ''),
(3123, 123, 'hy', ''),
(3124, 124, 'hy', ''),
(3125, 125, 'hy', ''),
(3126, 126, 'hy', ''),
(3127, 127, 'hy', ''),
(3128, 128, 'hy', ''),
(3129, 129, 'hy', ''),
(3130, 130, 'hy', ''),
(3131, 131, 'hy', ''),
(3132, 132, 'hy', ''),
(3133, 133, 'hy', ''),
(3134, 134, 'hy', ''),
(3135, 135, 'hy', ''),
(3136, 136, 'hy', ''),
(3137, 137, 'hy', ''),
(3138, 138, 'hy', ''),
(3139, 139, 'hy', ''),
(3140, 140, 'hy', ''),
(3141, 141, 'hy', ''),
(3142, 142, 'hy', ''),
(3143, 143, 'hy', ''),
(3144, 144, 'hy', ''),
(3145, 145, 'hy', ''),
(3146, 146, 'hy', ''),
(3147, 147, 'hy', ''),
(3148, 148, 'hy', ''),
(3149, 149, 'hy', ''),
(3150, 150, 'hy', ''),
(3151, 151, 'hy', ''),
(3152, 152, 'hy', ''),
(3153, 153, 'hy', ''),
(3154, 154, 'hy', ''),
(3155, 155, 'hy', ''),
(3156, 156, 'hy', ''),
(3157, 157, 'hy', ''),
(3158, 158, 'hy', ''),
(3159, 159, 'hy', ''),
(3160, 160, 'hy', ''),
(3161, 161, 'hy', ''),
(3162, 162, 'hy', ''),
(3163, 163, 'hy', ''),
(3164, 164, 'hy', ''),
(3165, 165, 'hy', ''),
(3166, 166, 'hy', ''),
(3167, 167, 'hy', ''),
(3168, 168, 'hy', ''),
(3169, 169, 'hy', ''),
(3170, 170, 'hy', ''),
(3171, 171, 'hy', ''),
(3172, 172, 'hy', ''),
(3173, 173, 'hy', ''),
(3174, 174, 'hy', ''),
(3175, 175, 'hy', ''),
(3176, 176, 'hy', ''),
(3177, 177, 'hy', ''),
(3178, 178, 'hy', ''),
(3179, 179, 'hy', ''),
(3180, 180, 'hy', ''),
(3181, 181, 'hy', ''),
(3182, 182, 'hy', ''),
(3183, 183, 'hy', ''),
(3184, 184, 'hy', ''),
(3185, 185, 'hy', ''),
(3186, 186, 'hy', ''),
(3187, 187, 'hy', ''),
(3188, 188, 'hy', ''),
(3189, 189, 'hy', ''),
(3190, 190, 'hy', ''),
(3191, 191, 'hy', ''),
(3192, 192, 'hy', ''),
(3193, 193, 'hy', ''),
(3194, 194, 'hy', ''),
(3195, 195, 'hy', ''),
(3196, 196, 'hy', ''),
(3197, 197, 'hy', ''),
(3198, 198, 'hy', ''),
(3199, 199, 'hy', ''),
(3200, 200, 'hy', ''),
(3201, 201, 'hy', ''),
(3202, 202, 'hy', ''),
(3203, 203, 'hy', ''),
(3204, 204, 'hy', ''),
(3205, 205, 'hy', ''),
(3206, 206, 'hy', ''),
(3207, 207, 'hy', ''),
(3208, 208, 'hy', ''),
(3209, 209, 'hy', ''),
(3210, 210, 'hy', ''),
(3211, 211, 'hy', ''),
(3212, 212, 'hy', ''),
(3213, 213, 'hy', ''),
(3214, 214, 'hy', ''),
(3215, 215, 'hy', ''),
(3216, 216, 'hy', ''),
(3217, 217, 'hy', ''),
(3218, 218, 'hy', ''),
(3219, 219, 'hy', ''),
(3220, 220, 'hy', ''),
(3221, 221, 'hy', ''),
(3222, 222, 'hy', ''),
(3223, 223, 'hy', ''),
(3224, 224, 'hy', ''),
(3225, 225, 'hy', ''),
(3226, 226, 'hy', ''),
(3227, 227, 'hy', ''),
(3228, 228, 'hy', ''),
(3229, 229, 'hy', ''),
(3230, 230, 'hy', ''),
(3231, 231, 'hy', ''),
(3232, 232, 'hy', ''),
(3233, 233, 'hy', ''),
(3234, 234, 'hy', ''),
(3235, 235, 'hy', ''),
(3236, 236, 'hy', ''),
(3237, 237, 'hy', ''),
(3238, 238, 'hy', ''),
(3239, 239, 'hy', ''),
(3240, 240, 'hy', ''),
(3241, 241, 'hy', ''),
(3242, 242, 'hy', ''),
(3243, 243, 'hy', ''),
(3244, 244, 'hy', ''),
(3245, 245, 'hy', ''),
(3246, 246, 'hy', ''),
(3247, 247, 'hy', ''),
(3248, 248, 'hy', ''),
(3249, 249, 'hy', ''),
(3250, 250, 'hy', ''),
(3251, 251, 'hy', ''),
(3252, 252, 'hy', ''),
(3253, 253, 'hy', ''),
(3254, 254, 'hy', ''),
(3255, 255, 'hy', ''),
(3256, 256, 'hy', ''),
(3257, 257, 'hy', ''),
(3258, 258, 'hy', ''),
(3259, 259, 'hy', ''),
(3260, 260, 'hy', ''),
(3261, 261, 'hy', ''),
(3262, 262, 'hy', ''),
(3263, 263, 'hy', ''),
(3264, 264, 'hy', ''),
(3265, 265, 'hy', ''),
(3266, 266, 'hy', ''),
(3267, 267, 'hy', ''),
(3268, 268, 'hy', ''),
(3269, 269, 'hy', ''),
(3270, 270, 'hy', ''),
(3271, 271, 'hy', ''),
(3272, 272, 'hy', ''),
(3273, 273, 'hy', ''),
(3274, 274, 'hy', ''),
(3275, 275, 'hy', ''),
(3276, 276, 'hy', ''),
(3277, 277, 'hy', ''),
(3278, 278, 'hy', ''),
(3279, 279, 'hy', ''),
(3280, 280, 'hy', ''),
(3281, 281, 'hy', ''),
(3282, 282, 'hy', ''),
(3283, 283, 'hy', ''),
(3284, 284, 'hy', ''),
(3285, 285, 'hy', ''),
(3286, 286, 'hy', ''),
(3287, 287, 'hy', ''),
(3288, 288, 'hy', ''),
(3289, 289, 'hy', ''),
(3290, 290, 'hy', ''),
(3291, 291, 'hy', ''),
(3292, 292, 'hy', ''),
(3293, 293, 'hy', ''),
(3294, 294, 'hy', ''),
(3295, 295, 'hy', ''),
(3296, 296, 'hy', ''),
(3297, 297, 'hy', ''),
(3298, 298, 'hy', ''),
(3299, 299, 'hy', ''),
(3300, 300, 'hy', ''),
(3301, 301, 'hy', ''),
(3302, 302, 'hy', ''),
(3303, 303, 'hy', ''),
(3304, 304, 'hy', ''),
(3305, 305, 'hy', ''),
(3306, 306, 'hy', ''),
(3307, 307, 'hy', ''),
(3308, 308, 'hy', ''),
(3309, 309, 'hy', ''),
(3310, 310, 'hy', ''),
(3311, 311, 'hy', ''),
(3312, 312, 'hy', ''),
(3313, 313, 'hy', ''),
(3314, 314, 'hy', ''),
(3315, 315, 'hy', ''),
(3316, 316, 'hy', ''),
(3317, 317, 'hy', ''),
(3318, 318, 'hy', ''),
(3319, 319, 'hy', ''),
(3320, 320, 'hy', ''),
(3321, 321, 'hy', ''),
(3322, 322, 'hy', ''),
(3323, 323, 'hy', ''),
(3324, 324, 'hy', ''),
(3325, 325, 'hy', ''),
(3326, 326, 'hy', ''),
(3327, 327, 'hy', ''),
(3328, 328, 'hy', ''),
(3329, 329, 'hy', ''),
(3330, 330, 'hy', ''),
(3331, 331, 'hy', ''),
(3332, 332, 'hy', ''),
(3333, 333, 'hy', ''),
(3334, 334, 'hy', ''),
(3335, 335, 'hy', ''),
(3336, 336, 'hy', ''),
(3337, 337, 'hy', ''),
(3338, 338, 'hy', ''),
(3339, 339, 'hy', ''),
(3340, 340, 'hy', ''),
(3341, 341, 'hy', ''),
(3342, 342, 'hy', ''),
(3343, 343, 'hy', ''),
(3344, 344, 'hy', ''),
(3345, 345, 'hy', ''),
(3346, 346, 'hy', ''),
(3347, 347, 'hy', ''),
(3348, 348, 'hy', ''),
(3349, 349, 'hy', ''),
(3350, 350, 'hy', ''),
(3351, 351, 'hy', ''),
(3352, 352, 'hy', ''),
(3353, 353, 'hy', ''),
(3354, 354, 'hy', ''),
(3355, 355, 'hy', ''),
(3356, 356, 'hy', ''),
(3357, 357, 'hy', ''),
(3358, 358, 'hy', ''),
(3359, 359, 'hy', ''),
(3360, 360, 'hy', ''),
(3361, 361, 'hy', ''),
(3362, 362, 'hy', ''),
(3363, 363, 'hy', ''),
(3364, 364, 'hy', ''),
(3365, 365, 'hy', ''),
(3366, 366, 'hy', ''),
(3367, 367, 'hy', ''),
(3368, 368, 'hy', ''),
(3369, 369, 'hy', ''),
(3370, 370, 'hy', ''),
(3371, 371, 'hy', ''),
(3372, 372, 'hy', ''),
(3373, 373, 'hy', ''),
(3374, 374, 'hy', ''),
(3375, 375, 'hy', ''),
(3376, 376, 'hy', ''),
(3377, 377, 'hy', ''),
(3378, 378, 'hy', ''),
(3379, 379, 'hy', ''),
(3380, 380, 'hy', ''),
(3381, 381, 'hy', ''),
(3382, 382, 'hy', ''),
(3383, 383, 'hy', ''),
(3384, 384, 'hy', ''),
(3385, 385, 'hy', ''),
(3386, 386, 'hy', ''),
(3387, 387, 'hy', ''),
(3388, 388, 'hy', ''),
(3389, 389, 'hy', ''),
(3390, 390, 'hy', ''),
(3391, 391, 'hy', ''),
(3392, 392, 'hy', ''),
(3393, 393, 'hy', ''),
(3394, 394, 'hy', ''),
(3395, 395, 'hy', ''),
(3396, 396, 'hy', ''),
(3397, 397, 'hy', ''),
(3398, 398, 'hy', ''),
(3399, 399, 'hy', ''),
(3400, 400, 'hy', ''),
(3401, 401, 'hy', ''),
(3402, 402, 'hy', ''),
(3403, 403, 'hy', ''),
(3404, 404, 'hy', ''),
(3405, 405, 'hy', ''),
(3406, 406, 'hy', ''),
(3407, 407, 'hy', ''),
(3408, 408, 'hy', ''),
(3409, 409, 'hy', ''),
(3410, 410, 'hy', ''),
(3411, 411, 'hy', ''),
(3412, 412, 'hy', ''),
(3413, 413, 'hy', ''),
(3414, 414, 'hy', ''),
(3415, 415, 'hy', ''),
(3416, 416, 'hy', ''),
(3417, 417, 'hy', ''),
(3418, 418, 'hy', ''),
(3419, 419, 'hy', ''),
(3420, 420, 'hy', ''),
(3421, 421, 'hy', ''),
(3422, 422, 'hy', ''),
(3423, 423, 'hy', ''),
(3424, 424, 'hy', ''),
(3425, 425, 'hy', ''),
(3426, 426, 'hy', ''),
(3427, 427, 'hy', ''),
(3428, 428, 'hy', ''),
(3429, 429, 'hy', ''),
(3430, 430, 'hy', ''),
(3431, 431, 'hy', ''),
(3432, 432, 'hy', ''),
(3433, 433, 'hy', ''),
(3434, 434, 'hy', ''),
(3435, 435, 'hy', ''),
(3436, 436, 'hy', ''),
(3437, 437, 'hy', ''),
(3438, 438, 'hy', ''),
(3439, 439, 'hy', ''),
(3440, 440, 'hy', ''),
(3441, 441, 'hy', ''),
(3442, 442, 'hy', ''),
(3443, 443, 'hy', ''),
(3444, 444, 'hy', ''),
(3445, 445, 'hy', ''),
(3446, 446, 'hy', ''),
(3447, 447, 'hy', ''),
(3448, 448, 'hy', ''),
(3449, 449, 'hy', ''),
(3450, 450, 'hy', ''),
(3451, 451, 'hy', ''),
(3452, 452, 'hy', ''),
(3453, 453, 'hy', ''),
(3454, 454, 'hy', ''),
(3455, 455, 'hy', ''),
(3456, 456, 'hy', ''),
(3457, 457, 'hy', ''),
(3458, 458, 'hy', ''),
(3459, 459, 'hy', ''),
(3460, 460, 'hy', ''),
(3461, 461, 'hy', ''),
(3462, 462, 'hy', ''),
(3463, 463, 'hy', ''),
(3464, 464, 'hy', ''),
(3465, 465, 'hy', ''),
(3466, 466, 'hy', ''),
(3467, 467, 'hy', ''),
(3468, 468, 'hy', ''),
(3469, 469, 'hy', ''),
(3470, 470, 'hy', ''),
(3471, 471, 'hy', ''),
(3472, 472, 'hy', ''),
(3473, 473, 'hy', ''),
(3474, 474, 'hy', ''),
(3475, 475, 'hy', ''),
(3476, 476, 'hy', ''),
(3477, 477, 'hy', ''),
(3478, 478, 'hy', ''),
(3479, 479, 'hy', ''),
(3480, 480, 'hy', ''),
(3481, 481, 'hy', ''),
(3482, 482, 'hy', ''),
(3483, 483, 'hy', ''),
(3484, 484, 'hy', ''),
(3485, 485, 'hy', ''),
(3486, 486, 'hy', ''),
(3487, 487, 'hy', ''),
(3488, 488, 'hy', ''),
(3489, 489, 'hy', ''),
(3490, 490, 'hy', ''),
(3491, 491, 'hy', ''),
(3492, 492, 'hy', ''),
(3493, 493, 'hy', ''),
(3494, 494, 'hy', ''),
(3495, 495, 'hy', ''),
(3496, 496, 'hy', ''),
(3497, 497, 'hy', ''),
(3498, 498, 'hy', ''),
(3499, 499, 'hy', ''),
(3500, 500, 'hy', ''),
(3501, 501, 'hy', ''),
(3502, 502, 'hy', ''),
(3503, 503, 'hy', ''),
(3504, 504, 'hy', ''),
(3505, 505, 'hy', ''),
(3506, 506, 'hy', ''),
(3507, 507, 'hy', ''),
(3508, 508, 'hy', ''),
(3509, 509, 'hy', ''),
(3510, 510, 'hy', ''),
(3511, 511, 'hy', ''),
(3512, 512, 'hy', ''),
(3513, 513, 'hy', ''),
(3514, 514, 'hy', ''),
(3515, 515, 'hy', ''),
(3516, 516, 'hy', ''),
(3517, 517, 'hy', ''),
(3518, 518, 'hy', ''),
(3519, 519, 'hy', ''),
(3520, 520, 'hy', ''),
(3521, 521, 'hy', ''),
(3522, 522, 'hy', ''),
(3523, 523, 'hy', ''),
(3524, 524, 'hy', ''),
(3525, 525, 'hy', ''),
(3526, 526, 'hy', ''),
(3527, 527, 'hy', ''),
(3528, 528, 'hy', ''),
(3529, 529, 'hy', ''),
(3530, 530, 'hy', ''),
(3531, 531, 'hy', ''),
(3532, 532, 'hy', ''),
(3533, 533, 'hy', ''),
(3534, 534, 'hy', ''),
(3535, 535, 'hy', ''),
(3536, 536, 'hy', ''),
(3537, 537, 'hy', ''),
(3538, 538, 'hy', ''),
(3539, 539, 'hy', ''),
(3540, 540, 'hy', ''),
(3541, 541, 'hy', ''),
(3542, 542, 'hy', ''),
(3543, 543, 'hy', ''),
(3544, 544, 'hy', ''),
(3545, 545, 'hy', ''),
(3546, 546, 'hy', ''),
(3547, 547, 'hy', ''),
(3548, 548, 'hy', ''),
(3549, 549, 'hy', ''),
(3550, 550, 'hy', ''),
(3551, 551, 'hy', ''),
(3552, 552, 'hy', ''),
(3553, 553, 'hy', ''),
(3554, 554, 'hy', ''),
(3555, 555, 'hy', ''),
(3556, 556, 'hy', ''),
(3557, 557, 'hy', ''),
(3558, 558, 'hy', ''),
(3559, 559, 'hy', ''),
(3560, 560, 'hy', ''),
(3561, 561, 'hy', ''),
(3562, 562, 'hy', ''),
(3563, 563, 'hy', ''),
(3564, 564, 'hy', ''),
(3565, 565, 'hy', ''),
(3566, 566, 'hy', ''),
(3567, 567, 'hy', ''),
(3568, 568, 'hy', ''),
(3569, 569, 'hy', ''),
(3570, 570, 'hy', ''),
(3571, 571, 'hy', ''),
(3572, 572, 'hy', ''),
(3573, 573, 'hy', ''),
(3574, 574, 'hy', ''),
(3575, 575, 'hy', ''),
(3576, 576, 'hy', ''),
(3577, 577, 'hy', ''),
(3578, 578, 'hy', ''),
(3579, 579, 'hy', ''),
(3580, 580, 'hy', ''),
(3581, 581, 'hy', ''),
(3582, 582, 'hy', ''),
(3583, 583, 'hy', ''),
(3584, 584, 'hy', ''),
(3585, 585, 'hy', ''),
(3586, 586, 'hy', ''),
(3587, 587, 'hy', ''),
(3588, 588, 'hy', ''),
(3589, 589, 'hy', ''),
(3590, 590, 'hy', ''),
(3591, 591, 'hy', ''),
(3592, 592, 'hy', ''),
(3593, 593, 'hy', ''),
(3594, 594, 'hy', ''),
(3595, 595, 'hy', ''),
(3596, 596, 'hy', ''),
(3597, 597, 'hy', ''),
(3598, 598, 'hy', ''),
(3599, 599, 'hy', ''),
(3600, 600, 'hy', ''),
(3601, 601, 'hy', ''),
(3602, 602, 'hy', ''),
(3603, 603, 'hy', ''),
(3604, 604, 'hy', ''),
(3605, 605, 'hy', ''),
(3606, 606, 'hy', ''),
(3607, 607, 'hy', ''),
(3608, 608, 'hy', ''),
(3609, 609, 'hy', ''),
(3610, 610, 'hy', ''),
(3611, 611, 'hy', ''),
(3612, 612, 'hy', ''),
(3613, 613, 'hy', ''),
(3614, 614, 'hy', ''),
(3615, 615, 'hy', ''),
(3616, 616, 'hy', ''),
(3617, 617, 'hy', ''),
(3618, 618, 'hy', ''),
(3619, 619, 'hy', ''),
(3620, 620, 'hy', ''),
(3621, 621, 'hy', ''),
(3622, 622, 'hy', ''),
(3623, 623, 'hy', ''),
(3624, 624, 'hy', ''),
(3625, 625, 'hy', ''),
(3626, 626, 'hy', ''),
(3627, 627, 'hy', ''),
(3628, 628, 'hy', ''),
(3629, 629, 'hy', ''),
(3630, 630, 'hy', ''),
(3631, 631, 'hy', ''),
(3632, 632, 'hy', ''),
(3633, 633, 'hy', ''),
(3634, 634, 'hy', ''),
(3635, 635, 'hy', ''),
(3636, 636, 'hy', ''),
(3637, 637, 'hy', ''),
(3638, 638, 'hy', ''),
(3639, 639, 'hy', ''),
(3640, 640, 'hy', ''),
(3641, 641, 'hy', ''),
(3642, 642, 'hy', ''),
(3643, 643, 'hy', ''),
(3644, 644, 'hy', ''),
(3645, 645, 'hy', ''),
(3646, 646, 'hy', ''),
(3647, 647, 'hy', ''),
(3648, 648, 'hy', ''),
(3649, 649, 'hy', ''),
(3650, 650, 'hy', ''),
(3651, 651, 'hy', ''),
(3652, 652, 'hy', ''),
(3653, 653, 'hy', ''),
(3654, 654, 'hy', ''),
(3655, 655, 'hy', ''),
(3656, 656, 'hy', ''),
(3657, 657, 'hy', ''),
(3658, 658, 'hy', ''),
(3659, 659, 'hy', ''),
(3660, 660, 'hy', ''),
(3661, 661, 'hy', ''),
(3662, 662, 'hy', ''),
(3663, 663, 'hy', ''),
(3664, 664, 'hy', ''),
(3665, 665, 'hy', ''),
(3666, 666, 'hy', ''),
(3667, 667, 'hy', ''),
(3668, 668, 'hy', ''),
(3669, 669, 'hy', ''),
(3670, 670, 'hy', ''),
(3671, 671, 'hy', ''),
(3672, 672, 'hy', ''),
(3673, 673, 'hy', ''),
(3674, 674, 'hy', ''),
(3675, 675, 'hy', ''),
(3676, 676, 'hy', ''),
(3677, 677, 'hy', ''),
(3678, 678, 'hy', ''),
(3679, 679, 'hy', ''),
(3680, 680, 'hy', ''),
(3681, 681, 'hy', ''),
(3682, 682, 'hy', ''),
(3683, 683, 'hy', ''),
(3684, 684, 'hy', ''),
(3685, 685, 'hy', ''),
(3686, 686, 'hy', ''),
(3687, 687, 'hy', ''),
(3688, 688, 'hy', ''),
(3689, 689, 'hy', ''),
(3690, 690, 'hy', ''),
(3691, 691, 'hy', ''),
(3692, 692, 'hy', ''),
(3693, 693, 'hy', ''),
(3694, 694, 'hy', ''),
(3695, 695, 'hy', ''),
(3696, 696, 'hy', ''),
(3697, 697, 'hy', ''),
(3698, 698, 'hy', ''),
(3699, 699, 'hy', ''),
(3700, 700, 'hy', ''),
(3701, 701, 'hy', ''),
(3702, 702, 'hy', ''),
(3703, 703, 'hy', ''),
(3704, 704, 'hy', ''),
(3705, 705, 'hy', ''),
(3706, 706, 'hy', ''),
(3707, 707, 'hy', ''),
(3708, 708, 'hy', ''),
(3709, 709, 'hy', ''),
(3710, 710, 'hy', ''),
(3711, 711, 'hy', ''),
(3712, 712, 'hy', ''),
(3713, 713, 'hy', ''),
(3714, 714, 'hy', ''),
(3715, 715, 'hy', ''),
(3716, 716, 'hy', ''),
(3717, 717, 'hy', ''),
(3718, 718, 'hy', ''),
(3719, 719, 'hy', ''),
(3720, 720, 'hy', ''),
(3721, 721, 'hy', ''),
(3722, 722, 'hy', ''),
(3723, 723, 'hy', ''),
(3724, 724, 'hy', ''),
(3725, 725, 'hy', ''),
(3726, 726, 'hy', ''),
(3727, 727, 'hy', ''),
(3728, 728, 'hy', ''),
(3729, 729, 'hy', ''),
(3730, 730, 'hy', ''),
(3731, 731, 'hy', ''),
(3732, 732, 'hy', ''),
(3733, 733, 'hy', ''),
(3734, 734, 'hy', ''),
(3735, 735, 'hy', ''),
(3736, 736, 'hy', ''),
(3737, 737, 'hy', ''),
(3738, 738, 'hy', ''),
(3739, 739, 'hy', ''),
(3740, 740, 'hy', ''),
(3741, 741, 'hy', ''),
(3742, 742, 'hy', ''),
(3743, 743, 'hy', ''),
(3744, 744, 'hy', ''),
(3745, 745, 'hy', ''),
(3746, 746, 'hy', ''),
(3747, 747, 'hy', ''),
(3748, 748, 'hy', ''),
(3749, 749, 'hy', ''),
(3750, 750, 'hy', ''),
(3751, 751, 'hy', '');
INSERT INTO `adc_universal_text_translations` (`id`, `parent_id`, `iso_code`, `content`) VALUES
(3752, 752, 'hy', ''),
(3753, 753, 'hy', ''),
(3754, 754, 'hy', ''),
(3755, 755, 'hy', ''),
(3756, 756, 'hy', ''),
(3757, 757, 'hy', ''),
(3758, 758, 'hy', ''),
(3759, 759, 'hy', ''),
(3760, 760, 'hy', ''),
(3761, 761, 'hy', ''),
(3762, 762, 'hy', ''),
(3763, 763, 'hy', ''),
(3764, 764, 'hy', ''),
(3765, 765, 'hy', ''),
(3766, 766, 'hy', ''),
(3767, 767, 'hy', ''),
(3768, 768, 'hy', ''),
(3769, 769, 'hy', ''),
(3770, 770, 'hy', ''),
(3771, 771, 'hy', ''),
(3772, 772, 'hy', ''),
(3773, 773, 'hy', ''),
(3774, 774, 'hy', ''),
(3775, 775, 'hy', ''),
(3776, 776, 'hy', ''),
(3777, 777, 'hy', ''),
(3778, 778, 'hy', ''),
(3779, 779, 'hy', ''),
(3780, 780, 'hy', ''),
(3781, 781, 'hy', ''),
(3782, 782, 'hy', ''),
(3783, 783, 'hy', ''),
(3784, 784, 'hy', ''),
(3785, 785, 'hy', ''),
(3786, 786, 'hy', ''),
(3787, 787, 'hy', ''),
(3788, 788, 'hy', ''),
(3789, 789, 'hy', ''),
(3790, 790, 'hy', ''),
(3791, 791, 'hy', ''),
(3792, 792, 'hy', ''),
(3793, 793, 'hy', ''),
(3794, 794, 'hy', ''),
(3795, 795, 'hy', ''),
(3796, 796, 'hy', ''),
(3797, 797, 'hy', ''),
(3798, 798, 'hy', ''),
(3799, 799, 'hy', ''),
(3800, 800, 'hy', ''),
(3801, 801, 'hy', ''),
(3802, 802, 'hy', ''),
(3803, 803, 'hy', ''),
(3804, 804, 'hy', ''),
(3805, 805, 'hy', ''),
(3806, 806, 'hy', ''),
(3807, 807, 'hy', ''),
(3808, 808, 'hy', ''),
(3809, 809, 'hy', ''),
(3810, 810, 'hy', ''),
(3811, 811, 'hy', ''),
(3812, 812, 'hy', ''),
(3813, 813, 'hy', ''),
(3814, 814, 'hy', ''),
(3815, 815, 'hy', ''),
(3816, 816, 'hy', ''),
(3817, 817, 'hy', ''),
(3818, 818, 'hy', ''),
(3819, 819, 'hy', ''),
(3820, 820, 'hy', ''),
(3821, 821, 'hy', ''),
(3822, 822, 'hy', ''),
(3823, 823, 'hy', ''),
(3824, 824, 'hy', ''),
(3825, 825, 'hy', ''),
(3826, 826, 'hy', ''),
(3827, 827, 'hy', ''),
(3828, 828, 'hy', ''),
(3829, 829, 'hy', ''),
(3830, 830, 'hy', ''),
(3831, 831, 'hy', ''),
(3832, 832, 'hy', ''),
(3833, 833, 'hy', ''),
(3834, 834, 'hy', ''),
(3835, 835, 'hy', ''),
(3836, 836, 'hy', ''),
(3837, 837, 'hy', ''),
(3838, 838, 'hy', ''),
(3839, 839, 'hy', ''),
(3840, 840, 'hy', ''),
(3841, 841, 'hy', ''),
(3842, 842, 'hy', ''),
(3843, 843, 'hy', ''),
(3844, 844, 'hy', ''),
(3845, 845, 'hy', ''),
(3846, 846, 'hy', ''),
(3847, 847, 'hy', ''),
(3848, 848, 'hy', ''),
(3849, 849, 'hy', ''),
(3850, 850, 'hy', ''),
(3851, 851, 'hy', ''),
(3852, 852, 'hy', ''),
(3853, 853, 'hy', ''),
(3854, 854, 'hy', ''),
(3855, 855, 'hy', ''),
(3856, 856, 'hy', ''),
(3857, 857, 'hy', ''),
(3858, 858, 'hy', ''),
(3859, 859, 'hy', ''),
(3860, 860, 'hy', ''),
(3861, 861, 'hy', ''),
(3862, 862, 'hy', ''),
(3863, 863, 'hy', ''),
(3864, 864, 'hy', ''),
(3865, 865, 'hy', ''),
(3866, 866, 'hy', ''),
(3867, 867, 'hy', ''),
(3868, 868, 'hy', ''),
(3869, 869, 'hy', ''),
(3870, 870, 'hy', ''),
(3871, 871, 'hy', ''),
(3872, 872, 'hy', ''),
(3873, 873, 'hy', ''),
(3874, 874, 'hy', ''),
(3875, 875, 'hy', ''),
(3876, 876, 'hy', ''),
(3877, 877, 'hy', ''),
(3878, 878, 'hy', ''),
(3879, 879, 'hy', ''),
(3880, 880, 'hy', ''),
(3881, 881, 'hy', ''),
(3882, 882, 'hy', ''),
(3883, 883, 'hy', ''),
(3884, 884, 'hy', ''),
(3885, 885, 'hy', ''),
(3886, 886, 'hy', ''),
(3887, 887, 'hy', ''),
(3888, 888, 'hy', ''),
(3889, 889, 'hy', ''),
(3890, 890, 'hy', ''),
(3891, 891, 'hy', ''),
(3892, 892, 'hy', ''),
(3893, 893, 'hy', ''),
(3894, 894, 'hy', ''),
(3895, 895, 'hy', ''),
(3896, 896, 'hy', ''),
(3897, 897, 'hy', ''),
(3898, 898, 'hy', ''),
(3899, 899, 'hy', ''),
(3900, 900, 'hy', ''),
(3901, 901, 'hy', ''),
(3902, 902, 'hy', ''),
(3903, 903, 'hy', ''),
(3904, 904, 'hy', ''),
(3905, 905, 'hy', ''),
(3906, 906, 'hy', ''),
(3907, 907, 'hy', ''),
(3908, 908, 'hy', ''),
(3909, 909, 'hy', ''),
(3910, 910, 'hy', ''),
(3911, 911, 'hy', ''),
(3912, 912, 'hy', ''),
(3913, 913, 'hy', ''),
(3914, 914, 'hy', ''),
(3915, 915, 'hy', ''),
(3916, 916, 'hy', ''),
(3917, 917, 'hy', ''),
(3918, 918, 'hy', ''),
(3919, 919, 'hy', ''),
(3920, 920, 'hy', ''),
(3921, 921, 'hy', ''),
(3922, 922, 'hy', ''),
(3923, 923, 'hy', ''),
(3924, 924, 'hy', ''),
(3925, 925, 'hy', ''),
(3926, 926, 'hy', ''),
(3927, 927, 'hy', ''),
(3928, 928, 'hy', ''),
(3929, 929, 'hy', ''),
(3930, 930, 'hy', ''),
(3931, 931, 'hy', ''),
(3932, 932, 'hy', ''),
(3933, 933, 'hy', ''),
(3934, 934, 'hy', ''),
(3935, 935, 'hy', ''),
(3936, 936, 'hy', ''),
(3937, 937, 'hy', ''),
(3938, 938, 'hy', ''),
(3939, 939, 'hy', ''),
(3940, 940, 'hy', ''),
(3941, 941, 'hy', ''),
(3942, 942, 'hy', ''),
(3943, 943, 'hy', ''),
(3944, 944, 'hy', ''),
(3945, 945, 'hy', ''),
(3946, 946, 'hy', ''),
(3947, 947, 'hy', ''),
(3948, 948, 'hy', ''),
(3949, 949, 'hy', ''),
(3950, 950, 'hy', ''),
(3951, 951, 'hy', ''),
(3952, 952, 'hy', ''),
(3953, 953, 'hy', ''),
(3954, 954, 'hy', ''),
(3955, 955, 'hy', ''),
(3956, 956, 'hy', ''),
(3957, 957, 'hy', ''),
(3958, 958, 'hy', ''),
(3959, 959, 'hy', ''),
(3960, 960, 'hy', ''),
(3961, 961, 'hy', ''),
(3962, 962, 'hy', ''),
(3963, 963, 'hy', ''),
(3964, 964, 'hy', ''),
(3965, 965, 'hy', ''),
(3966, 966, 'hy', ''),
(3967, 967, 'hy', ''),
(3968, 968, 'hy', ''),
(3969, 969, 'hy', ''),
(3970, 970, 'hy', ''),
(3971, 971, 'hy', ''),
(3972, 972, 'hy', ''),
(3973, 973, 'hy', ''),
(3974, 974, 'hy', ''),
(3975, 975, 'hy', ''),
(3976, 976, 'hy', ''),
(3977, 977, 'hy', ''),
(3978, 978, 'hy', ''),
(3979, 979, 'hy', ''),
(3980, 980, 'hy', ''),
(3981, 981, 'hy', ''),
(3982, 982, 'hy', ''),
(3983, 983, 'hy', ''),
(3984, 984, 'hy', ''),
(3985, 985, 'hy', ''),
(3986, 986, 'hy', ''),
(3987, 987, 'hy', ''),
(3988, 988, 'hy', ''),
(3989, 989, 'hy', ''),
(3990, 990, 'hy', ''),
(3991, 991, 'hy', ''),
(3992, 992, 'hy', ''),
(3993, 993, 'hy', ''),
(3994, 994, 'hy', ''),
(3995, 995, 'hy', ''),
(3996, 996, 'hy', ''),
(3997, 997, 'hy', ''),
(3998, 998, 'hy', ''),
(3999, 999, 'hy', ''),
(4000, 1000, 'hy', ''),
(4001, 1001, 'hy', ''),
(4002, 1002, 'hy', ''),
(4003, 1003, 'hy', ''),
(4004, 1004, 'hy', ''),
(4005, 1005, 'hy', ''),
(4006, 1006, 'hy', ''),
(4007, 1007, 'hy', ''),
(4008, 1008, 'hy', ''),
(4009, 1009, 'hy', ''),
(4010, 1010, 'hy', ''),
(4011, 1011, 'hy', ''),
(4012, 1012, 'hy', ''),
(4013, 1013, 'hy', ''),
(4014, 1014, 'hy', ''),
(4015, 1015, 'hy', ''),
(4016, 1016, 'hy', ''),
(4017, 1017, 'hy', ''),
(4018, 1018, 'hy', ''),
(4019, 1019, 'hy', ''),
(4020, 1020, 'hy', ''),
(4021, 1021, 'hy', ''),
(4022, 1022, 'hy', ''),
(4023, 1023, 'hy', ''),
(4024, 1024, 'hy', ''),
(4025, 1025, 'hy', ''),
(4026, 1026, 'hy', ''),
(4027, 1027, 'hy', ''),
(4028, 1028, 'hy', ''),
(4029, 1029, 'hy', ''),
(4030, 1030, 'hy', ''),
(4031, 1031, 'hy', ''),
(4032, 1032, 'hy', ''),
(4033, 1033, 'hy', ''),
(4034, 1034, 'hy', ''),
(4035, 1035, 'hy', ''),
(4036, 1036, 'hy', ''),
(4037, 1037, 'hy', ''),
(4038, 1038, 'hy', ''),
(4039, 1039, 'hy', ''),
(4040, 1040, 'hy', ''),
(4041, 1041, 'hy', ''),
(4042, 1042, 'hy', ''),
(4043, 1043, 'hy', ''),
(4044, 1044, 'hy', ''),
(4045, 1045, 'hy', ''),
(4046, 1046, 'hy', ''),
(4047, 1047, 'hy', ''),
(4048, 1048, 'hy', ''),
(4049, 1049, 'hy', ''),
(4050, 1050, 'hy', ''),
(4051, 1051, 'hy', ''),
(4052, 1052, 'hy', ''),
(4053, 1053, 'hy', ''),
(4054, 1054, 'hy', ''),
(4055, 1055, 'hy', ''),
(4056, 1056, 'hy', ''),
(4057, 1057, 'hy', ''),
(4058, 1058, 'hy', ''),
(4059, 1059, 'hy', ''),
(4060, 1060, 'hy', ''),
(4061, 1061, 'hy', ''),
(4062, 1062, 'hy', ''),
(4063, 1063, 'hy', ''),
(4064, 1064, 'hy', ''),
(4065, 1065, 'hy', ''),
(4066, 1066, 'hy', ''),
(4067, 1067, 'hy', ''),
(4068, 1068, 'hy', ''),
(4069, 1069, 'hy', ''),
(4070, 1070, 'hy', ''),
(4071, 1071, 'hy', ''),
(4072, 1072, 'hy', ''),
(4073, 1073, 'hy', ''),
(4074, 1074, 'hy', ''),
(4075, 1075, 'hy', ''),
(4076, 1076, 'hy', ''),
(4077, 1077, 'hy', ''),
(4078, 1078, 'hy', ''),
(4079, 1079, 'hy', ''),
(4080, 1080, 'hy', ''),
(4081, 1081, 'hy', ''),
(4082, 1082, 'hy', ''),
(4083, 1083, 'hy', ''),
(4084, 1084, 'hy', ''),
(4085, 1085, 'hy', ''),
(4086, 1086, 'hy', ''),
(4087, 1087, 'hy', ''),
(4088, 1088, 'hy', ''),
(4089, 1089, 'hy', ''),
(4090, 1090, 'hy', ''),
(4091, 1091, 'hy', ''),
(4092, 1092, 'hy', ''),
(4093, 1093, 'hy', ''),
(4094, 1094, 'hy', ''),
(4095, 1095, 'hy', ''),
(4096, 1096, 'hy', ''),
(4097, 1097, 'hy', ''),
(4098, 1098, 'hy', ''),
(4099, 1099, 'hy', ''),
(4100, 1100, 'hy', ''),
(4101, 1101, 'hy', ''),
(4102, 1102, 'hy', ''),
(4103, 1103, 'hy', ''),
(4104, 1104, 'hy', ''),
(4105, 1105, 'hy', ''),
(4106, 1106, 'hy', ''),
(4107, 1107, 'hy', ''),
(4108, 1108, 'hy', ''),
(4109, 1109, 'hy', ''),
(4110, 1110, 'hy', ''),
(4111, 1111, 'hy', ''),
(4112, 1112, 'hy', ''),
(4113, 1113, 'hy', ''),
(4114, 1114, 'hy', ''),
(4115, 1115, 'hy', ''),
(4116, 1116, 'hy', ''),
(4117, 1117, 'hy', ''),
(4118, 1118, 'hy', ''),
(4119, 1119, 'hy', ''),
(4120, 1120, 'hy', ''),
(4121, 1121, 'hy', ''),
(4122, 1122, 'hy', ''),
(4123, 1123, 'hy', ''),
(4124, 1124, 'hy', ''),
(4125, 1125, 'hy', ''),
(4126, 1126, 'hy', ''),
(4127, 1127, 'hy', ''),
(4128, 1128, 'hy', ''),
(4129, 1129, 'hy', ''),
(4130, 1130, 'hy', ''),
(4131, 1131, 'hy', ''),
(4132, 1132, 'hy', ''),
(4133, 1133, 'hy', ''),
(4134, 1134, 'hy', ''),
(4135, 1135, 'hy', ''),
(4136, 1136, 'hy', ''),
(4137, 1137, 'hy', ''),
(4138, 1138, 'hy', ''),
(4139, 1139, 'hy', ''),
(4140, 1140, 'hy', ''),
(4141, 1141, 'hy', ''),
(4142, 1142, 'hy', ''),
(4143, 1143, 'hy', ''),
(4144, 1144, 'hy', ''),
(4145, 1145, 'hy', ''),
(4146, 1146, 'hy', ''),
(4147, 1147, 'hy', ''),
(4148, 1148, 'hy', ''),
(4149, 1149, 'hy', ''),
(4150, 1150, 'hy', ''),
(4151, 1151, 'hy', ''),
(4152, 1152, 'hy', ''),
(4153, 1153, 'hy', ''),
(4154, 1154, 'hy', ''),
(4155, 1155, 'hy', ''),
(4156, 1156, 'hy', ''),
(4157, 1157, 'hy', ''),
(4158, 1158, 'hy', ''),
(4159, 1159, 'hy', ''),
(4160, 1160, 'hy', ''),
(4161, 1161, 'hy', ''),
(4162, 1162, 'hy', ''),
(4163, 1163, 'hy', ''),
(4164, 1164, 'hy', ''),
(4165, 1165, 'hy', ''),
(4166, 1166, 'hy', ''),
(4167, 1167, 'hy', ''),
(4168, 1168, 'hy', ''),
(4169, 1169, 'hy', ''),
(4170, 1170, 'hy', ''),
(4171, 1171, 'hy', ''),
(4172, 1172, 'hy', ''),
(4173, 1173, 'hy', ''),
(4174, 1174, 'hy', ''),
(4175, 1175, 'hy', ''),
(4176, 1176, 'hy', ''),
(4177, 1177, 'hy', ''),
(4178, 1178, 'hy', ''),
(4179, 1179, 'hy', ''),
(4180, 1180, 'hy', ''),
(4181, 1181, 'hy', ''),
(4182, 1182, 'hy', ''),
(4183, 1183, 'hy', ''),
(4184, 1184, 'hy', ''),
(4185, 1185, 'hy', ''),
(4186, 1186, 'hy', ''),
(4187, 1187, 'hy', ''),
(4188, 1188, 'hy', ''),
(4189, 1189, 'hy', ''),
(4190, 1190, 'hy', ''),
(4191, 1191, 'hy', ''),
(4192, 1192, 'hy', ''),
(4193, 1193, 'hy', ''),
(4194, 1194, 'hy', ''),
(4195, 1195, 'hy', ''),
(4196, 1196, 'hy', ''),
(4197, 1197, 'hy', ''),
(4198, 1198, 'hy', ''),
(4199, 1199, 'hy', ''),
(4200, 1200, 'hy', ''),
(4201, 1201, 'hy', ''),
(4202, 1202, 'hy', ''),
(4203, 1203, 'hy', ''),
(4204, 1204, 'hy', ''),
(4205, 1205, 'hy', ''),
(4206, 1206, 'hy', ''),
(4207, 1207, 'hy', ''),
(4208, 1208, 'hy', ''),
(4209, 1209, 'hy', ''),
(4210, 1210, 'hy', ''),
(4211, 1211, 'hy', ''),
(4212, 1212, 'hy', ''),
(4213, 1213, 'hy', ''),
(4214, 1214, 'hy', ''),
(4215, 1215, 'hy', ''),
(4216, 1216, 'hy', ''),
(4217, 1217, 'hy', ''),
(4218, 1218, 'hy', ''),
(4219, 1219, 'hy', ''),
(4220, 1220, 'hy', ''),
(4221, 1221, 'hy', ''),
(4222, 1222, 'hy', ''),
(4223, 1223, 'hy', ''),
(4224, 1224, 'hy', ''),
(4225, 1225, 'hy', ''),
(4226, 1226, 'hy', ''),
(4227, 1227, 'hy', ''),
(4228, 1228, 'hy', ''),
(4229, 1229, 'hy', ''),
(4230, 1230, 'hy', ''),
(4231, 1231, 'hy', ''),
(4232, 1232, 'hy', ''),
(4233, 1233, 'hy', ''),
(4234, 1234, 'hy', ''),
(4235, 1235, 'hy', ''),
(4236, 1236, 'hy', ''),
(4237, 1237, 'hy', ''),
(4238, 1238, 'hy', ''),
(4239, 1239, 'hy', ''),
(4240, 1240, 'hy', ''),
(4241, 1241, 'hy', ''),
(4242, 1242, 'hy', ''),
(4243, 1243, 'hy', ''),
(4244, 1244, 'hy', ''),
(4245, 1245, 'hy', ''),
(4246, 1246, 'hy', ''),
(4247, 1247, 'hy', ''),
(4248, 1248, 'hy', ''),
(4249, 1249, 'hy', ''),
(4250, 1250, 'hy', ''),
(4251, 1251, 'hy', ''),
(4252, 1252, 'hy', ''),
(4253, 1253, 'hy', ''),
(4254, 1254, 'hy', ''),
(4255, 1255, 'hy', ''),
(4256, 1256, 'hy', ''),
(4257, 1257, 'hy', ''),
(4258, 1258, 'hy', ''),
(4259, 1259, 'hy', ''),
(4260, 1260, 'hy', ''),
(4261, 1261, 'hy', ''),
(4262, 1262, 'hy', ''),
(4263, 1263, 'hy', ''),
(4264, 1264, 'hy', ''),
(4265, 1265, 'hy', ''),
(4266, 1266, 'hy', ''),
(4267, 1267, 'hy', ''),
(4268, 1268, 'hy', ''),
(4269, 1269, 'hy', ''),
(4270, 1270, 'hy', ''),
(4271, 1271, 'hy', ''),
(4272, 1272, 'hy', ''),
(4273, 1273, 'hy', ''),
(4274, 1274, 'hy', ''),
(4275, 1275, 'hy', ''),
(4276, 1276, 'hy', ''),
(4277, 1277, 'hy', ''),
(4278, 1278, 'hy', ''),
(4279, 1279, 'hy', ''),
(4280, 1280, 'hy', ''),
(4281, 1281, 'hy', ''),
(4282, 1282, 'hy', ''),
(4283, 1283, 'hy', ''),
(4284, 1284, 'hy', ''),
(4285, 1285, 'hy', ''),
(4286, 1286, 'hy', ''),
(4287, 1287, 'hy', ''),
(4288, 1288, 'hy', ''),
(4289, 1289, 'hy', ''),
(4290, 1290, 'hy', ''),
(4291, 1291, 'hy', ''),
(4292, 1292, 'hy', ''),
(4293, 1293, 'hy', ''),
(4294, 1294, 'hy', ''),
(4295, 1295, 'hy', ''),
(4296, 1296, 'hy', ''),
(4297, 1297, 'hy', ''),
(4298, 1298, 'hy', ''),
(4299, 1299, 'hy', ''),
(4300, 1300, 'hy', ''),
(4301, 1301, 'hy', ''),
(4302, 1302, 'hy', ''),
(4303, 1303, 'hy', ''),
(4304, 1304, 'hy', ''),
(4305, 1305, 'hy', ''),
(4306, 1306, 'hy', ''),
(4307, 1307, 'hy', ''),
(4308, 1308, 'hy', ''),
(4309, 1309, 'hy', ''),
(4310, 1310, 'hy', ''),
(4311, 1311, 'hy', ''),
(4312, 1312, 'hy', ''),
(4313, 1313, 'hy', ''),
(4314, 1314, 'hy', ''),
(4315, 1315, 'hy', ''),
(4316, 1316, 'hy', ''),
(4317, 1317, 'hy', ''),
(4318, 1318, 'hy', ''),
(4319, 1319, 'hy', ''),
(4320, 1320, 'hy', ''),
(4321, 1321, 'hy', ''),
(4322, 1322, 'hy', ''),
(4323, 1323, 'hy', ''),
(4324, 1324, 'hy', ''),
(4325, 1325, 'hy', ''),
(4326, 1326, 'hy', ''),
(4327, 1327, 'hy', ''),
(4328, 1328, 'hy', ''),
(4329, 1329, 'hy', ''),
(4330, 1330, 'hy', ''),
(4331, 1331, 'hy', ''),
(4332, 1332, 'hy', ''),
(4333, 1333, 'hy', ''),
(4334, 1334, 'hy', ''),
(4335, 1335, 'hy', ''),
(4336, 1336, 'hy', ''),
(4337, 1337, 'hy', ''),
(4338, 1338, 'hy', ''),
(4339, 1339, 'hy', ''),
(4340, 1340, 'hy', ''),
(4341, 1341, 'hy', ''),
(4342, 1342, 'hy', ''),
(4343, 1343, 'hy', ''),
(4344, 1344, 'hy', ''),
(4345, 1345, 'hy', ''),
(4346, 1346, 'hy', ''),
(4347, 1347, 'hy', ''),
(4348, 1348, 'hy', ''),
(4349, 1349, 'hy', ''),
(4350, 1350, 'hy', ''),
(4351, 1351, 'hy', ''),
(4352, 1352, 'hy', ''),
(4353, 1353, 'hy', ''),
(4354, 1354, 'hy', ''),
(4355, 1355, 'hy', ''),
(4356, 1356, 'hy', ''),
(4357, 1357, 'hy', ''),
(4358, 1358, 'hy', ''),
(4359, 1359, 'hy', ''),
(4360, 1360, 'hy', ''),
(4361, 1361, 'hy', ''),
(4362, 1362, 'hy', ''),
(4363, 1363, 'hy', ''),
(4364, 1364, 'hy', ''),
(4365, 1365, 'hy', ''),
(4366, 1366, 'hy', ''),
(4367, 1367, 'hy', ''),
(4368, 1368, 'hy', ''),
(4369, 1369, 'hy', ''),
(4370, 1370, 'hy', ''),
(4371, 1371, 'hy', ''),
(4372, 1372, 'hy', ''),
(4373, 1373, 'hy', ''),
(4374, 1374, 'hy', ''),
(4375, 1375, 'hy', ''),
(4376, 1376, 'hy', ''),
(4377, 1377, 'hy', ''),
(4378, 1378, 'hy', ''),
(4379, 1379, 'hy', ''),
(4380, 1380, 'hy', ''),
(4381, 1381, 'hy', ''),
(4382, 1382, 'hy', ''),
(4383, 1383, 'hy', ''),
(4384, 1384, 'hy', ''),
(4385, 1385, 'hy', ''),
(4386, 1386, 'hy', ''),
(4387, 1387, 'hy', ''),
(4388, 1388, 'hy', ''),
(4389, 1389, 'hy', ''),
(4390, 1390, 'hy', ''),
(4391, 1391, 'hy', ''),
(4392, 1392, 'hy', ''),
(4393, 1393, 'hy', ''),
(4394, 1394, 'hy', ''),
(4395, 1395, 'hy', ''),
(4396, 1396, 'hy', ''),
(4397, 1397, 'hy', ''),
(4398, 1398, 'hy', ''),
(4399, 1399, 'hy', ''),
(4400, 1400, 'hy', ''),
(4401, 1401, 'hy', ''),
(4402, 1402, 'hy', ''),
(4403, 1403, 'hy', ''),
(4404, 1404, 'hy', ''),
(4405, 1405, 'hy', ''),
(4406, 1406, 'hy', ''),
(4407, 1407, 'hy', ''),
(4408, 1408, 'hy', ''),
(4409, 1409, 'hy', ''),
(4410, 1410, 'hy', ''),
(4411, 1411, 'hy', ''),
(4412, 1412, 'hy', ''),
(4413, 1413, 'hy', ''),
(4414, 1414, 'hy', ''),
(4415, 1415, 'hy', ''),
(4416, 1416, 'hy', ''),
(4417, 1417, 'hy', ''),
(4418, 1418, 'hy', ''),
(4419, 1419, 'hy', ''),
(4420, 1420, 'hy', ''),
(4421, 1421, 'hy', ''),
(4422, 1422, 'hy', ''),
(4423, 1423, 'hy', ''),
(4424, 1424, 'hy', ''),
(4425, 1425, 'hy', ''),
(4426, 1426, 'hy', ''),
(4427, 1427, 'hy', ''),
(4428, 1428, 'hy', ''),
(4429, 1429, 'hy', ''),
(4430, 1430, 'hy', ''),
(4431, 1431, 'hy', ''),
(4432, 1432, 'hy', ''),
(4433, 1433, 'hy', ''),
(4434, 1434, 'hy', ''),
(4435, 1435, 'hy', ''),
(4436, 1436, 'hy', ''),
(4437, 1437, 'hy', ''),
(4438, 1438, 'hy', ''),
(4439, 1439, 'hy', ''),
(4440, 1440, 'hy', ''),
(4441, 1441, 'hy', ''),
(4442, 1442, 'hy', ''),
(4443, 1443, 'hy', ''),
(4444, 1444, 'hy', ''),
(4445, 1445, 'hy', ''),
(4446, 1446, 'hy', ''),
(4447, 1447, 'hy', ''),
(4448, 1448, 'hy', ''),
(4449, 1449, 'hy', ''),
(4450, 1450, 'hy', ''),
(4451, 1451, 'hy', ''),
(4452, 1452, 'hy', ''),
(4453, 1453, 'hy', ''),
(4454, 1454, 'hy', ''),
(4455, 1455, 'hy', ''),
(4456, 1456, 'hy', ''),
(4457, 1457, 'hy', ''),
(4458, 1458, 'hy', ''),
(4459, 1459, 'hy', ''),
(4460, 1460, 'hy', ''),
(4461, 1461, 'hy', ''),
(4462, 1462, 'hy', ''),
(4463, 1463, 'hy', ''),
(4464, 1464, 'hy', ''),
(4465, 1465, 'hy', ''),
(4466, 1466, 'hy', ''),
(4467, 1467, 'hy', ''),
(4468, 1468, 'hy', ''),
(4469, 1469, 'hy', ''),
(4470, 1470, 'hy', ''),
(4471, 1471, 'hy', ''),
(4472, 1472, 'hy', ''),
(4473, 1473, 'hy', ''),
(4474, 1474, 'hy', ''),
(4475, 1475, 'hy', ''),
(4476, 1476, 'hy', ''),
(4477, 1477, 'hy', ''),
(4478, 1478, 'hy', ''),
(4479, 1479, 'hy', ''),
(4480, 1480, 'hy', ''),
(4481, 1481, 'hy', ''),
(4482, 1482, 'hy', ''),
(4483, 1483, 'hy', ''),
(4484, 1484, 'hy', ''),
(4485, 1485, 'hy', ''),
(4486, 1486, 'hy', ''),
(4487, 1487, 'hy', ''),
(4488, 1488, 'hy', ''),
(4489, 1489, 'hy', ''),
(4490, 1490, 'hy', ''),
(4491, 1491, 'hy', ''),
(4492, 1492, 'hy', ''),
(4493, 1493, 'hy', ''),
(4494, 1494, 'hy', ''),
(4495, 1495, 'hy', ''),
(4496, 1496, 'hy', ''),
(4497, 1497, 'hy', ''),
(4498, 1498, 'hy', ''),
(4499, 1499, 'hy', ''),
(4500, 1500, 'hy', '');

-- --------------------------------------------------------

--
-- Структура таблицы `adc_user`
--

CREATE TABLE IF NOT EXISTS `adc_user` (
  `id` int(11) NOT NULL,
  `username` varchar(50) NOT NULL,
  `password` char(32) NOT NULL,
  `role` smallint(6) NOT NULL
) ENGINE=InnoDB AUTO_INCREMENT=2 DEFAULT CHARSET=utf8;

--
-- Дамп данных таблицы `adc_user`
--

INSERT INTO `adc_user` (`id`, `username`, `password`, `role`) VALUES
(1, 'admin', 'e10adc3949ba59abbe56e057f20f883e', 1);

-- --------------------------------------------------------

--
-- Структура таблицы `adc_visas`
--

CREATE TABLE IF NOT EXISTS `adc_visas` (
  `id` int(11) unsigned NOT NULL,
  `file` varchar(255) NOT NULL,
  `order` int(10) unsigned NOT NULL,
  `type` tinyint(4) NOT NULL,
  `subtype` tinyint(4) NOT NULL,
  `country_id` int(11) DEFAULT '-1'
) ENGINE=InnoDB AUTO_INCREMENT=246 DEFAULT CHARSET=utf8;

--
-- Дамп данных таблицы `adc_visas`
--

INSERT INTO `adc_visas` (`id`, `file`, `order`, `type`, `subtype`, `country_id`) VALUES
(2, 'flag_of_Afghanistan_7e034.png', 0, 2, 3, -1),
(3, 'flag_of_Algeria_0d9c8.png', 0, 2, 3, -1),
(4, 'flag_of_Andorra_e3cd2.png', 0, 2, 3, -1),
(5, 'flag_of_Angola_eb0ba.png', 0, 2, 3, -1),
(6, 'flag_of_Australia_8f650.png', 0, 2, 3, -1),
(7, 'flag_of_Austria_e6b26.png', 0, 2, 3, -1),
(8, 'flag_of_Bahrain_c2908.png', 0, 2, 3, -1),
(9, 'flag_of_Bangladesh_c706e.png', 0, 2, 3, -1),
(10, 'flag_of_Belgium_9063e.png', 0, 2, 3, -1),
(11, 'flag_of_Bolivia_19de5.png', 0, 2, 3, -1),
(12, 'flag_of_Bosnia_Hercegovina_f5450.png', 0, 2, 3, -1),
(13, 'flag_of_Brunei_945d7.png', 0, 2, 3, -1),
(14, 'flag_of_Burkina_Faso_32ba8.png', 0, 2, 3, -1),
(15, 'flag_of_Bulgaria_a0da6.png', 0, 2, 3, 30),
(16, 'flag_of_Cameroon_f4951.png', 0, 2, 3, -1),
(17, 'flag_of_Canada_d5bc4.png', 0, 2, 3, -1),
(18, 'flag_of_Chile_e1409.png', 0, 2, 3, -1),
(19, 'flag_of_China_6bcbf.png', 0, 2, 3, -1),
(20, 'flag_of_Colombia_aa449.png', 0, 2, 3, -1),
(21, 'flag_of_Croatia_45861.png', 0, 2, 3, -1),
(22, 'flag_of_Cuba_df226.png', 0, 2, 3, -1),
(23, 'flag_of_Cyprus_f7c4b.png', 0, 2, 3, -1),
(24, 'flag_of_Czech_Republic_a8eb8.png', 0, 2, 3, -1),
(25, 'flag_of_Denmark_0095c.png', 0, 2, 3, -1),
(26, 'flag_of_Dominican_Republic_28463.png', 0, 2, 3, -1),
(27, 'flag_of_Ecuador_99cde.png', 0, 2, 3, -1),
(28, 'flag_of_Egypt_4ee34.png', 0, 2, 3, -1),
(29, 'flag_of_Ethiopia_196cf.png', 0, 2, 3, -1),
(30, 'flag_of_Finland_28863.png', 0, 2, 3, -1),
(31, 'flag_of_Germany_bdcad.png', 0, 2, 3, -1),
(32, 'flag_of_Gabon_21682.png', 0, 2, 3, -1),
(33, 'flag_of_Ghana_cf5ba.png', 0, 2, 3, -1),
(34, 'flag_of_Greece_2fe4d.png', 0, 2, 3, -1),
(35, 'flag_of_Guatemala_85a25.png', 0, 2, 3, -1),
(36, 'flag_of_Guinea_7fcfd.png', 0, 2, 3, -1),
(37, 'flag_of_Haiti_9f94b.png', 0, 2, 3, 17),
(38, 'flag_of_Honduras_65332.png', 0, 2, 3, -1),
(39, 'flag_of_Hungary_a06fa.png', 0, 2, 3, 28),
(40, 'flag_of_Iceland_de800.png', 0, 2, 3, -1),
(41, 'flag_of_India_705c1.png', 0, 2, 3, -1),
(42, 'flag_of_Indonesia_f6b37.png', 0, 2, 3, -1),
(43, 'flag_of_Ireland_bf6de.png', 0, 2, 3, -1),
(44, 'flag_of_Israel_94996.png', 0, 2, 3, -1),
(45, 'flag_of_Italy_8c90a.png', 0, 2, 3, -1),
(46, 'flag_of_Japan_8f067.png', 0, 2, 3, -1),
(47, 'flag_of_Libya_015a2.png', 0, 2, 3, -1),
(48, 'flag_of_Macedonia_671d8.png', 0, 2, 3, -1),
(49, 'flag_of_Mali_fa8ce.png', 0, 2, 3, -1),
(50, 'flag_of_Malta_8a893.png', 0, 2, 3, -1),
(51, 'flag_of_Mexico_e7690.png', 0, 2, 3, -1),
(52, 'flag_of_Mongolia_8ff37.png', 0, 2, 3, -1),
(53, 'flag_of_Morocco_4a968.png', 0, 2, 3, -1),
(54, 'flag_of_Myanmar_2231e.png', 0, 2, 3, -1),
(55, 'flag_of_Nepal_25af0.png', 0, 2, 3, -1),
(56, 'flag_of_New_Zealand_bb681.png', 0, 2, 3, -1),
(57, 'flag_of_Nicaragua_147a0.png', 0, 2, 3, -1),
(58, 'flag_of_Nigeria_41ee8.png', 0, 2, 3, -1),
(59, 'flag_of_Oman_15c80.png', 0, 2, 3, -1),
(60, 'flag_of_Pakistan_0b098.png', 0, 2, 3, -1),
(61, 'flag_of_Panama_7c475.png', 0, 2, 3, -1),
(62, 'flag_of_Paraguay_d4995.png', 0, 2, 3, -1),
(63, 'flag_of_Peru_d8106.png', 0, 2, 3, -1),
(64, 'flag_of_Philippines_38233.png', 0, 2, 3, -1),
(65, 'flag_of_Portugal_31d7b.png', 0, 2, 3, -1),
(66, 'flag_of_Congo_18c7e.png', 0, 2, 3, -1),
(67, 'flag_of_South_Africa_89145.png', 0, 2, 3, -1),
(68, 'flag_of_Saudi_Arabia_456d1.png', 0, 2, 3, -1),
(69, 'flag_of_Senegal_e9eca.png', 0, 2, 3, -1),
(70, 'flag_of_Serbia_8fee2.png', 0, 2, 3, -1),
(71, 'flag_of_Sierra_Leone_3c4fa.png', 0, 2, 3, -1),
(72, 'flag_of_Slovenia_e24f4.png', 0, 2, 3, -1),
(73, 'flag_of_Korea_South_7721f.png', 0, 2, 3, -1),
(74, 'flag_of_Slovakia_9c865.png', 0, 2, 3, -1),
(75, 'flag_of_Spain_df4e5.png', 0, 2, 3, -1),
(76, 'flag_of_Sudan_07244.png', 0, 2, 3, -1),
(77, 'flag_of_Sweden_62277.png', 0, 2, 3, -1),
(78, 'flag_of_Switzerland_3fd81.png', 0, 2, 3, -1),
(79, 'flag_of_Taiwan_f09d9.png', 0, 2, 3, -1),
(80, 'flag_of_Tanzania_f1799.png', 0, 2, 3, 18),
(81, 'flag_of_Thailand_00a53.png', 0, 2, 3, -1),
(82, 'flag_of_Netherlands_74508.png', 0, 2, 3, -1),
(83, 'flag_of_Tunisia_815b4.png', 0, 2, 3, 20),
(84, 'flag_of_United_Arab_Emirates_a9288.png', 0, 2, 3, -1),
(85, 'flag_of_United_Kingdom_7d371.png', 0, 2, 3, -1),
(86, 'flag_of_United_States_of_America_9d8ad.png', 0, 2, 3, -1),
(87, 'flag_of_Venezuela_f9671.png', 0, 2, 3, -1),
(88, 'flag_of_Yemen_30fdf.png', 0, 2, 3, -1),
(89, 'flag_of_Zambia_86550.png', 0, 2, 3, -1),
(90, 'flag_of_Zimbabwe_7b3f8.png', 0, 2, 3, -1),
(91, 'flag_of_Albania_4ad07.png', 0, 2, 1, -1),
(92, 'flag_of_Brazil_eba3a.png', 0, 2, 1, -1),
(93, 'flag_of_Cambodia_f9bec.png', 0, 2, 1, -1),
(94, 'flag_of_Montenegro_746d4.png', 0, 2, 1, -1),
(95, 'flag_of_Sri_Lanka_a9414.png', 0, 2, 1, 31),
(96, 'flag_of_Bhutan_e17e2.png', 0, 2, 1, -1),
(97, 'flag_of_Tanzania_82d23.png', 0, 2, 1, -1),
(98, 'flag_of_Argentina_0b350.png', 0, 2, 1, -1),
(99, 'flag_of_Cabo_Verde_94848.png', 0, 2, 1, -1),
(100, 'flag_of_Comoros_6c20b.png', 0, 2, 1, -1),
(101, 'flag_of_Djibouti_2c32d.png', 0, 2, 1, -1),
(102, 'flag_of_Egypt_b7be9.png', 0, 2, 1, -1),
(103, 'flag_of_Eritrea_c7b51.png', 0, 2, 1, -1),
(104, 'flag_of_Gambia_29195.png', 0, 2, 1, -1),
(105, 'flag_of_Guinea_a6b75.png', 0, 2, 1, -1),
(106, 'flag_of_Liberia_0a3ba.png', 0, 2, 1, -1),
(107, 'flag_of_Madagascar_0a411.png', 0, 2, 1, -1),
(108, 'flag_of_Mauritius_61989.png', 0, 2, 1, -1),
(109, 'flag_of_Namibia_42be4.png', 0, 2, 1, -1),
(110, 'flag_of_Seychelles_2a80d.png', 0, 2, 1, -1),
(111, 'flag_of_Jordan_23c4b.png', 0, 2, 1, -1),
(112, 'flag_of_Kazakhstan_69992.png', 0, 2, 1, -1),
(113, 'flag_of_Kyrgyzstan_2c757.png', 0, 2, 1, -1),
(114, 'flag_of_Malaysia_44800.png', 0, 2, 1, -1),
(115, 'flag_of_Maldives_ba148.png', 0, 2, 1, 21),
(116, 'flag_of_Tajikistan_c19a9.png', 0, 2, 1, -1),
(117, 'flag_of_Turkmenistan_48557.png', 0, 2, 1, -1),
(118, 'flag_of_Uzbekistan_81670.png', 0, 2, 1, -1),
(119, 'flag_of_Suriname_0f499.png', 0, 2, 1, -1),
(120, 'flag_of_Jamaica_ff447.png', 0, 2, 1, -1),
(121, 'flag_of_Haiti_6d081.png', 0, 2, 1, 17),
(122, 'flag_of_Belarus_0ff2c.png', 0, 2, 1, -1),
(123, 'flag_of_Georgia_ea23c.png', 0, 2, 1, -1),
(124, 'flag_of_Moldova_75a7d.png', 0, 2, 1, -1),
(125, 'flag_of_Russia_67da9.png', 0, 2, 1, -1),
(126, 'flag_of_Turkey_dd146.png', 0, 2, 1, -1),
(127, 'flag_of_Ukraine_7f9cb.png', 0, 2, 1, -1),
(128, 'flag_of_Barbados_6ceab.png', 0, 2, 1, 25),
(129, 'flag_of_Bahamas_65c91.png', 0, 2, 1, 24),
(130, 'flag_of_Antigua_52cb8.png', 0, 2, 1, -1),
(131, 'flag_of_Tuvalu_76239.png', 0, 2, 1, -1),
(132, 'flag_of_Samoa_56537.png', 0, 2, 1, -1),
(133, 'flag_of_Palau_52aee.png', 0, 2, 1, -1),
(134, 'flag_of_Micronesia_d9569.png', 0, 2, 1, -1),
(135, 'flag_of_Afghanistan_56ade.png', 0, 1, 3, -1),
(136, 'flag_of_Algeria_6bdfe.png', 0, 1, 3, -1),
(137, 'flag_of_Angola_7bb9e.png', 0, 1, 3, -1),
(138, 'flag_of_Bangladesh_26eea.png', 0, 1, 3, -1),
(139, 'flag_of_Benin_850d1.png', 0, 1, 3, -1),
(140, 'flag_of_Botswana_62566.png', 0, 1, 3, -1),
(141, 'flag_of_Burkina_Faso_3a0db.png', 0, 1, 3, -1),
(142, 'flag_of_Burundi_af393.png', 0, 1, 3, -1),
(143, 'flag_of_Cameroon_30a3f.png', 0, 1, 3, -1),
(144, 'flag_of_Cabo_Verde_27ac9.png', 0, 1, 3, -1),
(145, 'flag_of_Central_African_Republic_e9ab9.png', 0, 1, 3, -1),
(146, 'flag_of_Chad_8462c.png', 0, 1, 3, -1),
(147, 'flag_of_Comoros_8fa2d.png', 0, 1, 3, -1),
(148, 'flag_of_Congo_bd68c.png', 0, 1, 3, -1),
(149, 'flag_of_Congo_Democratic_Republic_of_c9d4d.png', 0, 1, 3, -1),
(150, 'flag_of_Cote_d_Ivoire_44260.png', 0, 1, 3, -1),
(151, 'flag_of_Djibouti_81a76.png', 0, 1, 3, -1),
(152, 'flag_of_Egypt_88b5a.png', 0, 1, 3, -1),
(153, 'flag_of_Equatorial_Guinea_466b7.png', 0, 1, 3, -1),
(154, 'flag_of_Eritrea_4a7ff.png', 0, 1, 3, -1),
(155, 'flag_of_Ethiopia_1632e.png', 0, 1, 3, -1),
(156, 'flag_of_Gabon_5ded8.png', 0, 1, 3, -1),
(157, 'flag_of_Gambia_d18cd.png', 0, 1, 3, -1),
(158, 'flag_of_Ghana_24362.png', 0, 1, 3, -1),
(159, 'flag_of_Guinea_4cc86.png', 0, 1, 3, -1),
(160, 'flag_of_Guinea_Bissau_159cc.png', 0, 1, 3, -1),
(161, 'flag_of_Kenya_39614.png', 0, 1, 3, -1),
(162, 'flag_of_Lesotho_6b30c.png', 0, 1, 3, -1),
(163, 'flag_of_Liberia_2d121.png', 0, 1, 3, -1),
(164, 'flag_of_Libya_82413.png', 0, 1, 3, -1),
(165, 'flag_of_Madagascar_d9fad.png', 0, 1, 3, -1),
(166, 'flag_of_Malawi_47240.png', 0, 1, 3, -1),
(167, 'flag_of_Mali_cc628.png', 0, 1, 3, -1),
(168, 'flag_of_Mauritania_6df60.png', 0, 1, 3, -1),
(169, 'flag_of_Mauritius_57204.png', 0, 1, 3, -1),
(170, 'flag_of_Morocco_ad9bb.png', 0, 1, 3, -1),
(171, 'flag_of_Mozambique_ff79e.png', 0, 1, 3, -1),
(172, 'flag_of_Namibia_805af.png', 0, 1, 3, -1),
(173, 'flag_of_Nepal_27499.png', 0, 1, 3, -1),
(174, 'flag_of_Niger_5bc38.png', 0, 1, 3, -1),
(175, 'flag_of_Nigeria_99631.png', 0, 1, 3, -1),
(176, 'flag_of_Pakistan_70ced.png', 0, 1, 3, -1),
(177, 'flag_of_Palestine_ae7d8.png', 0, 1, 3, -1),
(178, 'flag_of_Rwanda_749e5.png', 0, 1, 3, -1),
(179, 'flag_of_Sao_Tome_and_Principe_b502a.png', 0, 1, 3, -1),
(180, 'flag_of_Saudi_Arabia_c4799.png', 0, 1, 3, -1),
(181, 'flag_of_Senegal_13b6d.png', 0, 1, 3, -1),
(182, 'flag_of_Seychelles_6141d.png', 0, 1, 3, -1),
(183, 'flag_of_Sierra_Leone_26270.png', 0, 1, 3, -1),
(184, 'flag_of_Somalia_3deac.png', 0, 1, 3, -1),
(185, 'flag_of_South_Sudan_d7cc1.png', 0, 1, 3, -1),
(186, 'flag_of_Sri_Lanka_961ee.png', 0, 1, 3, -1),
(187, 'flag_of_Sudan_a60f1.png', 0, 1, 3, -1),
(188, 'flag_of_Swaziland_303ee.png', 0, 1, 3, -1),
(189, 'flag_of_Syria_f046f.png', 0, 1, 3, -1),
(190, 'flag_of_Togo_a1bee.png', 0, 1, 3, -1),
(191, 'flag_of_Tunisia_37bdd.png', 0, 1, 3, -1),
(192, 'flag_of_Uganda_245c0.png', 0, 1, 3, -1),
(193, 'flag_of_Vietnam_bcd24.png', 0, 1, 3, -1),
(194, 'flag_of_Zambia_2f248.png', 0, 1, 3, -1),
(195, 'flag_of_Zimbabwe_bcd9d.png', 0, 1, 3, -1),
(196, 'flag_of_Argentina_d8573.png', 0, 1, 1, -1),
(197, 'flag_of_Andorra_3aa34.png', 0, 1, 1, -1),
(198, 'flag_of_Austria_0ca2f.png', 0, 1, 1, -1),
(199, 'flag_of_Belgium_d1a22.png', 0, 1, 1, -1),
(200, 'flag_of_Belarus_167d8.png', 0, 1, 1, -1),
(201, 'flag_of_Brazil_c06cc.png', 0, 1, 1, -1),
(202, 'flag_of_Bulgaria_b4406.png', 0, 1, 1, -1),
(203, 'flag_of_Croatia_65249.png', 0, 1, 1, -1),
(204, 'flag_of_Cyprus_2aca9.png', 0, 1, 1, -1),
(205, 'flag_of_Czech_Republic_bc6cd.png', 0, 1, 1, -1),
(206, 'flag_of_Denmark_b613a.png', 0, 1, 1, -1),
(207, 'flag_of_Estonia_68801.png', 0, 1, 1, -1),
(208, 'flag_of_Finland_535af.png', 0, 1, 1, -1),
(209, 'flag_of_France_fe93a.png', 0, 1, 1, -1),
(210, 'flag_of_Germany_2f17d.png', 0, 1, 1, -1),
(211, 'flag_of_Greece_f61b0.png', 0, 1, 1, -1),
(212, 'flag_of_Georgia_93834.png', 0, 1, 1, -1),
(213, 'flag_of_Hungary_5cd60.png', 0, 1, 1, -1),
(214, 'flag_of_Iceland_8a7f8.png', 0, 1, 1, -1),
(215, 'flag_of_Ireland_c998d.png', 0, 1, 1, -1),
(216, 'flag_of_Italy_213ba.png', 0, 1, 1, -1),
(217, 'flag_of_Kazakhstan_dc822.png', 0, 1, 1, -1),
(218, 'flag_of_Kyrgyzstan_f684d.png', 0, 1, 1, -1),
(219, 'flag_of_Latvia_67c45.png', 0, 1, 1, -1),
(220, 'flag_of_Liechtenstein_41d35.png', 0, 1, 1, -1),
(221, 'flag_of_Lithuania_fb957.png', 0, 1, 1, -1),
(222, 'flag_of_Malta_b5b61.png', 0, 1, 1, -1),
(223, 'flag_of_Moldova_618dc.png', 0, 1, 1, -1),
(224, 'flag_of_Monaco_62525.png', 0, 1, 1, -1),
(225, 'flag_of_Montenegro_1476c.png', 0, 1, 1, -1),
(226, 'flag_of_Netherlands_e27b6.png', 0, 1, 1, -1),
(227, 'flag_of_Norway_e207c.png', 0, 1, 1, -1),
(228, 'flag_of_Poland_3c0dc.png', 0, 1, 1, -1),
(229, 'flag_of_Portugal_5f584.png', 0, 1, 1, -1),
(230, 'flag_of_Romania_114fb.png', 0, 1, 1, -1),
(231, 'flag_of_Russia_1439c.png', 0, 1, 1, -1),
(232, 'flag_of_San_Marino_2fa84.png', 0, 1, 1, -1),
(233, 'flag_of_Serbia_ab320.png', 0, 1, 1, -1),
(234, 'flag_of_Slovakia_03611.png', 0, 1, 1, -1),
(235, 'flag_of_Slovenia_05167.png', 0, 1, 1, -1),
(236, 'flag_of_Spain_a884f.png', 0, 1, 1, -1),
(237, 'flag_of_Sweden_f640e.png', 0, 1, 1, -1),
(238, 'flag_of_Switzerland_6a50b.png', 0, 1, 1, -1),
(239, 'flag_of_Tajikistan_7d935.png', 0, 1, 1, -1),
(240, 'flag_of_Vatican_City_2026a.png', 0, 1, 1, -1),
(241, 'flag_of_Ukraine_25ab5.png', 0, 1, 1, -1),
(242, 'flag_of_United_Kingdom_47133.png', 0, 1, 1, -1),
(243, 'flag_of_United_States_of_America_a00c7.png', 0, 1, 1, -1),
(244, 'flag_of_Uruguay_29de2.png', 0, 1, 1, -1),
(245, 'flag_of_Uzbekistan_f546a.png', 0, 1, 1, -1);

-- --------------------------------------------------------

--
-- Структура таблицы `adc_visa_translations`
--

CREATE TABLE IF NOT EXISTS `adc_visa_translations` (
  `id` int(11) NOT NULL,
  `parent_id` int(11) unsigned NOT NULL,
  `iso_code` varchar(2) NOT NULL,
  `content` text NOT NULL,
  `country` varchar(500) NOT NULL
) ENGINE=InnoDB AUTO_INCREMENT=490 DEFAULT CHARSET=utf8;

--
-- Дамп данных таблицы `adc_visa_translations`
--

INSERT INTO `adc_visa_translations` (`id`, `parent_id`, `iso_code`, `content`, `country`) VALUES
(2, 2, 'en', '<p>Visa is required. Can be obtained&nbsp;in Moscow.</p>', 'Afganistan'),
(3, 3, 'en', '<p>Visa is required. Can be obtained in Moscow.</p>', 'Algeria'),
(4, 4, 'en', '<p>Schengen visa is required. Can be&nbsp;obtained in Lithuanian Embassy&nbsp;in Yerevan.</p>', 'Andorra'),
(5, 5, 'en', '<p>Visa is required. Can be obtained&nbsp;in Moscow.</p>', 'Angola'),
(6, 6, 'en', '<p>Visa is required. Can be obtained&nbsp;in Moscow.</p>', 'Australia'),
(7, 7, 'en', '<p>Schengen visa is required. Can be&nbsp;obtained in German Embassy in&nbsp;Yerevan.</p>', 'Austria'),
(8, 8, 'en', '<p>Visa can be obtained upon arrival&nbsp;if the approval is received by&nbsp;Immigration of Bahrein</p>', 'Bahrein'),
(9, 9, 'en', '<p>Visa is required. Can be obtained&nbsp;in Moscow.</p>', 'Bangladesh'),
(10, 10, 'en', '<p>Schengen visa is required. Can be&nbsp;obtained in German Embassy in&nbsp;Yerevan.</p>', 'Belgium'),
(11, 11, 'en', '<p>Visa is required. Can be obtained&nbsp;in Moscow.</p>', 'Bolivia'),
(12, 12, 'en', '<p>Visa is required. Can be obtained&nbsp;in Moscow.</p>', 'Bosnia'),
(13, 13, 'en', '<p>Visa is required. Can be obtained&nbsp;in Moscow.</p>', 'Brunei'),
(14, 14, 'en', '<p>Visa is required. Can be obtained&nbsp;in Berlin.</p>', 'Burkina Faso'),
(15, 15, 'en', '<p>Schengen visa is required. Can be&nbsp;obtained in Bulgarian Embassy in&nbsp;Yerevan.</p>', 'Bulgaria'),
(16, 16, 'en', '<p>Visa is required. Can be obtained&nbsp;in Moscow.</p>', 'Cameroon'),
(17, 17, 'en', '<p>Visa is required. Can be obtained&nbsp;in Moscow.</p>', 'Canada'),
(18, 18, 'en', '<p>Visa is required. Can be obtained&nbsp;in Moscow personally.</p>', 'Chili'),
(19, 19, 'en', '<p>Visa is required. Can be obtained&nbsp;in Chinese Embassy in Yerevan.</p>', 'China'),
(20, 20, 'en', '<p>Visa is required. Can be obtained&nbsp;in Moscow.</p>', 'Columbia'),
(21, 21, 'en', '<p>Visa is required.</p>', 'Croatia'),
(22, 22, 'en', '<p>Visa is required. Can be obtained&nbsp;in Moscow.</p>', 'Cuba'),
(23, 23, 'en', '<p>Visa is required. Can be obtained&nbsp;in Honorary Consulate in&nbsp;Yerevan.</p>', 'Cyprus'),
(24, 24, 'en', '<p>Visa is required. Can be obtained&nbsp;in Yerevan.</p>', 'Czech Republic'),
(25, 25, 'en', '<p>Schengen visa is required. Can be&nbsp;obtained in Lithuanian Embassy&nbsp;in Yerevan.</p>', 'Denmark'),
(26, 26, 'en', '<p>Visa is required. Can be obtained&nbsp;in Moscow.</p>', 'Dominican  Republic'),
(27, 27, 'en', '<p>Visa is required. Can be obtained&nbsp;in Moscow.</p>', 'Ecuador'),
(28, 28, 'en', '<p>Except Sinai Peninsula visa is&nbsp;required. Can be obtained in&nbsp;Egypt Embassy in &nbsp;Yerevan</p>', 'Egypt'),
(29, 29, 'en', '<p>Visa is required. Can be obtained&nbsp;in Moscow.</p>', 'Ethiopia'),
(30, 30, 'en', '<p>Visa is required. Can be obtained&nbsp;in Italian visa application center&nbsp;in Yerevan.</p>', 'Finland'),
(31, 31, 'en', '<p>Schengen visa is required. Can be&nbsp;obtained in German Embassy in&nbsp;Yerevan.</p>', 'Germany'),
(32, 32, 'en', '<p>Visa is required. E-visa is&nbsp;available.</p>', 'Gabon'),
(33, 33, 'en', '<p>Visa is required. Can be obtained&nbsp;in Moscow.</p>', 'Ghana'),
(34, 34, 'en', '<p>Schengen visa is required. Can be&nbsp;obtained in Greek Embassy in&nbsp;Yerevan.</p>', 'Greece'),
(35, 35, 'en', '<p>Visa is required. Can be obtained&nbsp;in Moscow.</p>', 'Guatemala'),
(36, 36, 'en', '<p>Visa is required. Can be obtained&nbsp;in Moscow.</p>', 'Guinea'),
(37, 37, 'en', '<p>Visa is required. Can be obtained&nbsp;in the USA Embassy in Yerevan.</p>', 'Haiti'),
(38, 38, 'en', '<p>Visa is required. Can be obtained&nbsp;in Moscow.</p>', 'Honduras'),
(39, 39, 'en', '<p>Schengen visa is required. Can be&nbsp;obtained in Lithuanian Embassy&nbsp;in Yerevan.</p>', 'Hungary'),
(40, 40, 'en', '<p>Schengen visa is required. Can be&nbsp;obtained in French Embassy in&nbsp;Yerevan.</p>', 'Iceland'),
(41, 41, 'en', '<p>Visa is required. Can be obtained&nbsp;in Indian Embassy in Yerevan.</p>', 'India'),
(42, 42, 'en', '<p>Visa is required. Can be obtained&nbsp;in Indonesian Embassy in Kiev.</p>', 'Indonesia'),
(43, 43, 'en', '<p>Visa is required. Can be obtained&nbsp;in Sofia.</p>', 'Ireland'),
(44, 44, 'en', '<p>Visa is required. Can be obtained&nbsp;in Tbilisi.</p>', 'Israel'),
(45, 45, 'en', '<p>Schengen visa is required. Can be&nbsp;obtained in Italian visa&nbsp;application center in Yerevan.</p>', 'Italy'),
(46, 46, 'en', '<p>Visa is required. Can be obtained&nbsp;in Moscow.</p>', 'Japan'),
(47, 47, 'en', '<p>Visa is required. Can be obtained&nbsp;in Moscow.</p>', 'Libya'),
(48, 48, 'en', '<p>Visa is required. Can be obtained&nbsp;in Moscow.</p>', 'Macedonia'),
(49, 49, 'en', '<p>Visa is required. Can be obtained&nbsp;in Moscow.</p>', 'Mali'),
(50, 50, 'en', '<p>Schengen visa is required. Can be&nbsp;obtained in Italian visa&nbsp;application center in Yerevan.</p>', 'Malta'),
(51, 51, 'en', '<p>Visa is required. Can be obtained&nbsp;in Moscow personally.</p>', 'Mexico'),
(52, 52, 'en', '<p>Visa is required. Can be obtained&nbsp;in Moscow.</p>', 'Mongolia'),
(53, 53, 'en', '<p>Visa is required. Can be obtained&nbsp;in Kiev.</p>', 'Morocco'),
(54, 54, 'en', '<p>Visa is required. Can be obtained&nbsp;in Moscow.</p>', 'Myanmar'),
(55, 55, 'en', '<p>Visa for 15 days can be obtained&nbsp;upon arrival.</p>', 'Nepal'),
(56, 56, 'en', '<p>Visa is required. Can be obtained&nbsp;in Moscow.</p>', 'New Zeeland'),
(57, 57, 'en', '<p>Visa is required. Can be obtained&nbsp;in Moscow.</p>', 'Nicaragua'),
(58, 58, 'en', '<p>Visa is required. Can be obtained&nbsp;in Teheran.</p>', 'Nigeria'),
(59, 59, 'en', '<p>Visa is required. Can be obtained&nbsp;via Immigration system.</p>', 'Oman'),
(60, 60, 'en', '<p>Visa is required. Can be obtained in Moscow</p>', 'Pakistan'),
(61, 61, 'en', '<p>Visa is required. Can be obtained&nbsp;in Moscow.</p>', 'Panama'),
(62, 62, 'en', '<p>Visa is required. Can be obtained&nbsp;in Moscow.</p>', 'Paraguay'),
(63, 63, 'en', '<p>Visa is required. Can be obtained&nbsp;in Moscow personally.</p>', 'Peru'),
(64, 64, 'en', '<p>Visa is required. Can be obtained&nbsp;in Yerevan.</p>', 'Philippines'),
(65, 65, 'en', '<p>Schengen visa is required. Can be&nbsp;obtained in the Embassy of&nbsp;France in Yerevan.</p>', 'Portugal'),
(66, 66, 'en', '<p>Visa is required. Can be obtained&nbsp;in Moscow.</p>', 'Republic of   Congo   (Kinshasa)'),
(67, 67, 'en', '<p>Visa is required. Can be obtained&nbsp;in Kiev.</p>', 'SAR'),
(68, 68, 'en', '<p>Visa is required. Can be obtained&nbsp;in Moscow.</p>', 'Saudi'),
(69, 69, 'en', '<p>Visa is required. E-visa is&nbsp;available.</p>', 'Senegal'),
(70, 70, 'en', '<p>Visa is required. Can be obtained&nbsp;in Moscow.</p>', 'Serbia'),
(71, 71, 'en', '<p>Visa is required. Can be obtained&nbsp;in Moscow.</p>', 'Sierra Leone'),
(72, 72, 'en', '<p>Schengen isa is required. Can be&nbsp;obtained in the Embassy of&nbsp;Poland in Yerevan.</p>', 'Slovenia'),
(73, 73, 'en', '<p>Visa is required. Can be obtained&nbsp;in Moscow.</p>', 'South Korea'),
(74, 74, 'en', '<p>Schengen visa is required. Can be&nbsp;obtained in Lithuanian Embassy&nbsp;in Yerevan.</p>', 'Slovakia'),
(75, 75, 'en', '<p>Schengen visa is required. Can be&nbsp;obtained in Lithuanian Embassy&nbsp;in Yerevan.</p>', 'Spain'),
(76, 76, 'en', '<p>Visa is required. Can be obtained&nbsp;in Moscow.</p>', 'Sudan'),
(77, 77, 'en', '<p>Schengen visa is required. Can be&nbsp;obtained in Embassy of Germany&nbsp;in Yerevan.</p>', 'Sweden'),
(78, 78, 'en', '<p>Schengen visa is required. Can be&nbsp;obtained in Embassy of Poland in&nbsp;Yerevan.</p>', 'Switzerland'),
(79, 79, 'en', '<p>Visa is required. Can be obtained&nbsp;in Moscow.</p>', 'Taiwan'),
(80, 80, 'en', '<p>Visa is required. Can be obtained&nbsp;in Moscow.</p>', 'Tanzania'),
(81, 81, 'en', '<p>Visa is required. Can be obtained&nbsp;in Yerevan.</p>', 'Thailand'),
(82, 82, 'en', '<p>Visa is required. Can be obtained&nbsp;in German Embassy in Yerevan.</p>', 'The  Netherlands'),
(83, 83, 'en', '<p>Visa is required. Can be obtained&nbsp;in Moscow.</p>', 'Tunisia'),
(84, 84, 'en', '<p>Visa is required. Can be obtained&nbsp;via Immigration system.</p>', 'UAE'),
(85, 85, 'en', '<p>Visa is required. Can be obtained&nbsp;in visa UK visa application center&nbsp;in Yerevan.</p>', 'UK'),
(86, 86, 'en', '<p>Visa is required. Can be obtained&nbsp;in Yerevan.</p>', 'USA'),
(87, 87, 'en', '<p>Visa is required. Can be obtained&nbsp;in Moscow.</p>', 'Venezuela'),
(88, 88, 'en', '<p>Visa is required. Can be obtained&nbsp;in Moscow.</p>', 'Yemen'),
(89, 89, 'en', '<p>Visa is required. Can be obtained&nbsp;in Moscow.</p>', 'Zambia'),
(90, 90, 'en', '<p>Visa is required. Can be obtained&nbsp;in Moscow.</p>', 'Zimbabwe'),
(91, 91, 'en', '<p>Visa is not required&nbsp;till 31/12/2016</p>', 'Albania'),
(92, 92, 'en', '<p>Visa is not required</p>', 'Brazil'),
(93, 93, 'en', '<p>Visa for 30 days can&nbsp;be obtained upon&nbsp;arrival</p>', 'Cambodia'),
(94, 94, 'en', '<p>Visa is not required&nbsp;from 01/06/2016 till&nbsp;31/10/2016</p>', 'Montenegro'),
(95, 95, 'en', '<p>Visa is not required</p>', 'Sri Lanka'),
(96, 96, 'en', '<p>Visa for 15 days can&nbsp;be obtained upon&nbsp;arrival.</p>', 'Bhutan'),
(97, 97, 'en', '<p>Visa can be obtained&nbsp;upon arrival.</p>', 'Tanzania'),
(98, 98, 'en', '<p>Visa is not required</p>', 'Argentina'),
(99, 99, 'en', '<p>Visa can be obtained&nbsp;upon arrival.</p>', 'Cape Verde'),
(100, 100, 'en', '<p>Visa can be obtained&nbsp;upon arrival.</p>', 'Comoros'),
(101, 101, 'en', '<p>Visa can be obtained&nbsp;upon arrival.</p>', 'Djibouti'),
(102, 102, 'en', '<p>Only for Sinai&nbsp;Peninsula visa can&nbsp;be obtained upon&nbsp;arrival.</p>', 'Egypt'),
(103, 103, 'en', '<p>Visa can be obtained&nbsp;upon arrival. Pre-&nbsp;visa is required.</p>', 'Eritrea'),
(104, 104, 'en', '<p>Tourist visa can be&nbsp;obtained upon&nbsp;arrival.</p>', 'Gambia'),
(105, 105, 'en', '<p>Visa can be obtained&nbsp;upon arrival if&nbsp;approval letter from&nbsp;the police received.</p>', 'Guinea'),
(106, 106, 'en', '<p>Visa can be obtained&nbsp;upon arrival.</p>', 'Liberia'),
(107, 107, 'en', '<p>Visa for 90 days can&nbsp;be obtained upon&nbsp;arrival.</p>', 'Madagascar'),
(108, 108, 'en', '<p>Visa for 60 days can&nbsp;be obtained upon&nbsp;arrival.</p>', 'Mauritius'),
(109, 109, 'en', '<p>Visa for 3 months&nbsp;can be obtained upon&nbsp;arrival.</p>', 'Namibia'),
(110, 110, 'en', '<p>Visa for 3 months&nbsp;can be obtained upon&nbsp;arrival.</p>', 'Seychelles'),
(111, 111, 'en', '<p>Visa can be obtained&nbsp;upon arrival.</p>', 'Jordan'),
(112, 112, 'en', '<p>Visa is not required.</p>', 'Kazakhstan'),
(113, 113, 'en', '<p>Visa is not required.</p>', 'Kyrgyzstan'),
(114, 114, 'en', '<p>Visa is not required</p>', 'Malaysia'),
(115, 115, 'en', '<p>Visa for 30 days can&nbsp;be obtained upon&nbsp;arrival.</p>', 'Maldives'),
(116, 116, 'en', '<p>Visa is not required.</p>', 'Tajikistan'),
(117, 117, 'en', '<p>Visa for 10 days can&nbsp;be obtained upon&nbsp;arrival.</p>', 'Turkmenistan'),
(118, 118, 'en', '<p>Visa is not required</p>', 'Uzbekistan'),
(119, 119, 'en', '<p>Visa can be obtained&nbsp;upon arrival. Pre-&nbsp;visa is required.</p>', 'Surinam'),
(120, 120, 'en', '<p>Visa for 3 months&nbsp;can be obtained upon&nbsp;arrival.</p>', 'Jamaica'),
(121, 121, 'en', '<p>Visa for 3 months&nbsp;can be obtained upon&nbsp;arrival.</p>', 'Haiti'),
(122, 122, 'en', '<p>Visa is not required</p>', 'Belarus'),
(123, 123, 'en', '<p>Visa is not required</p>', 'Georgia'),
(124, 124, 'en', '<p>Visa is not required</p>', 'Moldova'),
(125, 125, 'en', '<p>Visa is not required</p>', 'Russia'),
(126, 126, 'en', '<p>Visa can be obtained&nbsp;upon arrival.</p>', 'Turkey'),
(127, 127, 'en', '<p>Visa is not required</p>', 'Ukraine'),
(128, 128, 'en', '<p>Visa is not required&nbsp;for 28 days.</p>', 'Barbados'),
(129, 129, 'en', '<p>Visa is not required&nbsp;for 3 months.</p>', 'Bahamas'),
(130, 130, 'en', '<p>Visa is not required</p>', 'Antigua and  Barbuda'),
(131, 131, 'en', '<p>Visa for 1 month can&nbsp;be obtained upon&nbsp;arrival.</p>', 'Tuvalu'),
(132, 132, 'en', '<p>Visa for 60 days can&nbsp;be obtained upon&nbsp;arrival.</p>', 'Western  Samoa'),
(133, 133, 'en', '<p>Visa for 30 days can&nbsp;be obtained upon&nbsp;arrival.</p>', 'Palau'),
(134, 134, 'en', '<p>Visa for 30 days can&nbsp;be obtained upon&nbsp;arrival.</p>', 'Micronesia'),
(135, 135, 'en', '', 'Afghanistan'),
(136, 136, 'en', '', 'Algeria'),
(137, 137, 'en', '', 'Angola'),
(138, 138, 'en', '', 'Bangladesh'),
(139, 139, 'en', '', 'Benin'),
(140, 140, 'en', '', 'Botswana'),
(141, 141, 'en', '', 'Burkina Faso'),
(142, 142, 'en', '', 'Burundi'),
(143, 143, 'en', '', 'Cameroon'),
(144, 144, 'en', '', 'Cape Verde'),
(145, 145, 'en', '', 'Central African  Republic'),
(146, 146, 'en', '', 'Chad'),
(147, 147, 'en', '', 'Comoros Islands'),
(148, 148, 'en', '', 'Congo'),
(149, 149, 'en', '', 'Democratic Republic of the Congo'),
(150, 150, 'en', '', 'Cote d''Ivoire'),
(151, 151, 'en', '', 'Djibouti'),
(152, 152, 'en', '', 'Egypt'),
(153, 153, 'en', '', 'Equatorial Guinea'),
(154, 154, 'en', '', 'Eritrea'),
(155, 155, 'en', '', 'Ethiopia'),
(156, 156, 'en', '', 'Gabon'),
(157, 157, 'en', '', 'Gambia'),
(158, 158, 'en', '', 'Ghana'),
(159, 159, 'en', '', 'Guinea'),
(160, 160, 'en', '', 'Guinea-Bissau'),
(161, 161, 'en', '', 'Kenya'),
(162, 162, 'en', '', 'Lesotho'),
(163, 163, 'en', '', 'Liberia'),
(164, 164, 'en', '', 'Libya'),
(165, 165, 'en', '', 'Madagascar'),
(166, 166, 'en', '', 'Malawi'),
(167, 167, 'en', '', 'Mali'),
(168, 168, 'en', '', 'Mauritania'),
(169, 169, 'en', '', 'Mauritius'),
(170, 170, 'en', '', 'Morocco'),
(171, 171, 'en', '', 'Mozambique'),
(172, 172, 'en', '', 'Namibia'),
(173, 173, 'en', '', 'Nepal'),
(174, 174, 'en', '', 'Niger'),
(175, 175, 'en', '', 'Nigeria'),
(176, 176, 'en', '', 'Pakistan'),
(177, 177, 'en', '', 'Palestine'),
(178, 178, 'en', '', 'Rwanda'),
(179, 179, 'en', '', 'Sao Tome and Principe'),
(180, 180, 'en', '', 'Saudi Arabia'),
(181, 181, 'en', '', 'Senegal'),
(182, 182, 'en', '', 'Seychelles'),
(183, 183, 'en', '', 'Sierra Leone'),
(184, 184, 'en', '', 'Somalia'),
(185, 185, 'en', '', 'South Sudan'),
(186, 186, 'en', '', 'Sri Lanka'),
(187, 187, 'en', '', 'Sudan'),
(188, 188, 'en', '', 'Swaziland'),
(189, 189, 'en', '', 'Syria'),
(190, 190, 'en', '', 'Togo'),
(191, 191, 'en', '', 'Tunisia'),
(192, 192, 'en', '', 'Uganda'),
(193, 193, 'en', '', 'Vietnam'),
(194, 194, 'en', '', 'Zambia'),
(195, 195, 'en', '', 'Zimbabwe'),
(196, 196, 'en', '', 'Argentina'),
(197, 197, 'en', '', 'Andorra'),
(198, 198, 'en', '', 'Republic of Austria'),
(199, 199, 'en', '', 'Kingdom of Belgium'),
(200, 200, 'en', '', 'Belarus'),
(201, 201, 'en', '', 'Brazil'),
(202, 202, 'en', '', 'Republic of Bulgaria'),
(203, 203, 'en', '', 'Republic of Croatia'),
(204, 204, 'en', '', 'Republic of Cyprus'),
(205, 205, 'en', '', 'Czech Republic'),
(206, 206, 'en', '', 'Kingdom of Denmark'),
(207, 207, 'en', '', 'Republic of Estonia'),
(208, 208, 'en', '', 'Republic of Finland'),
(209, 209, 'en', '', 'Republic of France'),
(210, 210, 'en', '', 'Federal Republic of Germany'),
(211, 211, 'en', '', 'Republic of Greece'),
(212, 212, 'en', '', 'Georgia'),
(213, 213, 'en', '', 'Hungary'),
(214, 214, 'en', '', 'Iceland'),
(215, 215, 'en', '', 'Republic of Ireland'),
(216, 216, 'en', '', 'Republic of Italy'),
(217, 217, 'en', '', 'Kazakhstan'),
(218, 218, 'en', '', 'Kyrgyzstan'),
(219, 219, 'en', '', 'Republic of Latvia'),
(220, 220, 'en', '', 'Liechtenstein'),
(221, 221, 'en', '', 'Republic of Lithuania'),
(222, 222, 'en', '', 'Republic of Malta'),
(223, 223, 'en', '', 'Moldova'),
(224, 224, 'en', '', 'Monaco'),
(225, 225, 'en', '', 'Montenegro'),
(226, 226, 'en', '', 'The Netherlands'),
(227, 227, 'en', '', 'Kingdom of Norway'),
(228, 228, 'en', '', 'Republic of Poland'),
(229, 229, 'en', '', 'Republic of Portugal'),
(230, 230, 'en', '', 'Republic of Romania'),
(231, 231, 'en', '', 'Russian Federation'),
(232, 232, 'en', '', 'Republic of San Marino'),
(233, 233, 'en', '', 'Republic of Serbia'),
(234, 234, 'en', '', 'Slovak Republic'),
(235, 235, 'en', '', 'Republic of Slovenia'),
(236, 236, 'en', '', 'Kingdom of Spain'),
(237, 237, 'en', '', 'Kingdom of Sweden'),
(238, 238, 'en', '', 'Swiss Confederation'),
(239, 239, 'en', '', 'Tajikistan'),
(240, 240, 'en', '', 'Vatican City State'),
(241, 241, 'en', '', 'Ukraine'),
(242, 242, 'en', '', 'UK'),
(243, 243, 'en', '', 'USA'),
(244, 244, 'en', '', 'Uruguay'),
(245, 245, 'en', '', 'Uzbekistan'),
(246, 2, 'hy', '', ''),
(247, 3, 'hy', '', ''),
(248, 4, 'hy', '', ''),
(249, 5, 'hy', '', ''),
(250, 6, 'hy', '', ''),
(251, 7, 'hy', '', ''),
(252, 8, 'hy', '', ''),
(253, 9, 'hy', '', ''),
(254, 10, 'hy', '', ''),
(255, 11, 'hy', '', ''),
(256, 12, 'hy', '', ''),
(257, 13, 'hy', '', ''),
(258, 14, 'hy', '', ''),
(259, 15, 'hy', '', ''),
(260, 16, 'hy', '', ''),
(261, 17, 'hy', '', ''),
(262, 18, 'hy', '', ''),
(263, 19, 'hy', '', ''),
(264, 20, 'hy', '', ''),
(265, 21, 'hy', '', ''),
(266, 22, 'hy', '', ''),
(267, 23, 'hy', '', ''),
(268, 24, 'hy', '', ''),
(269, 25, 'hy', '', ''),
(270, 26, 'hy', '', ''),
(271, 27, 'hy', '', ''),
(272, 28, 'hy', '', ''),
(273, 29, 'hy', '', ''),
(274, 30, 'hy', '', ''),
(275, 31, 'hy', '', ''),
(276, 32, 'hy', '', ''),
(277, 33, 'hy', '', ''),
(278, 34, 'hy', '', ''),
(279, 35, 'hy', '', ''),
(280, 36, 'hy', '', ''),
(281, 37, 'hy', '', ''),
(282, 38, 'hy', '', ''),
(283, 39, 'hy', '', ''),
(284, 40, 'hy', '', ''),
(285, 41, 'hy', '', ''),
(286, 42, 'hy', '', ''),
(287, 43, 'hy', '', ''),
(288, 44, 'hy', '', ''),
(289, 45, 'hy', '', ''),
(290, 46, 'hy', '', ''),
(291, 47, 'hy', '', ''),
(292, 48, 'hy', '', ''),
(293, 49, 'hy', '', ''),
(294, 50, 'hy', '', ''),
(295, 51, 'hy', '', ''),
(296, 52, 'hy', '', ''),
(297, 53, 'hy', '', ''),
(298, 54, 'hy', '', ''),
(299, 55, 'hy', '', ''),
(300, 56, 'hy', '', ''),
(301, 57, 'hy', '', ''),
(302, 58, 'hy', '', ''),
(303, 59, 'hy', '', ''),
(304, 60, 'hy', '', ''),
(305, 61, 'hy', '', ''),
(306, 62, 'hy', '', ''),
(307, 63, 'hy', '', ''),
(308, 64, 'hy', '', ''),
(309, 65, 'hy', '', ''),
(310, 66, 'hy', '', ''),
(311, 67, 'hy', '', ''),
(312, 68, 'hy', '', ''),
(313, 69, 'hy', '', ''),
(314, 70, 'hy', '', ''),
(315, 71, 'hy', '', ''),
(316, 72, 'hy', '', ''),
(317, 73, 'hy', '', ''),
(318, 74, 'hy', '', ''),
(319, 75, 'hy', '', ''),
(320, 76, 'hy', '', ''),
(321, 77, 'hy', '', ''),
(322, 78, 'hy', '', ''),
(323, 79, 'hy', '', ''),
(324, 80, 'hy', '', ''),
(325, 81, 'hy', '', ''),
(326, 82, 'hy', '', ''),
(327, 83, 'hy', '', ''),
(328, 84, 'hy', '', ''),
(329, 85, 'hy', '', ''),
(330, 86, 'hy', '', ''),
(331, 87, 'hy', '', ''),
(332, 88, 'hy', '', ''),
(333, 89, 'hy', '', ''),
(334, 90, 'hy', '', ''),
(335, 91, 'hy', '', ''),
(336, 92, 'hy', '', ''),
(337, 93, 'hy', '', ''),
(338, 94, 'hy', '', ''),
(339, 95, 'hy', '', ''),
(340, 96, 'hy', '', ''),
(341, 97, 'hy', '', ''),
(342, 98, 'hy', '', ''),
(343, 99, 'hy', '', ''),
(344, 100, 'hy', '', ''),
(345, 101, 'hy', '', ''),
(346, 102, 'hy', '', ''),
(347, 103, 'hy', '', ''),
(348, 104, 'hy', '', ''),
(349, 105, 'hy', '', ''),
(350, 106, 'hy', '', ''),
(351, 107, 'hy', '', ''),
(352, 108, 'hy', '', ''),
(353, 109, 'hy', '', ''),
(354, 110, 'hy', '', ''),
(355, 111, 'hy', '', ''),
(356, 112, 'hy', '', ''),
(357, 113, 'hy', '', ''),
(358, 114, 'hy', '', ''),
(359, 115, 'hy', '', ''),
(360, 116, 'hy', '', ''),
(361, 117, 'hy', '', ''),
(362, 118, 'hy', '', ''),
(363, 119, 'hy', '', ''),
(364, 120, 'hy', '', ''),
(365, 121, 'hy', '', ''),
(366, 122, 'hy', '', ''),
(367, 123, 'hy', '', ''),
(368, 124, 'hy', '', ''),
(369, 125, 'hy', '', ''),
(370, 126, 'hy', '', ''),
(371, 127, 'hy', '', ''),
(372, 128, 'hy', '', ''),
(373, 129, 'hy', '', ''),
(374, 130, 'hy', '', ''),
(375, 131, 'hy', '', ''),
(376, 132, 'hy', '', ''),
(377, 133, 'hy', '', ''),
(378, 134, 'hy', '', ''),
(379, 135, 'hy', '', ''),
(380, 136, 'hy', '', ''),
(381, 137, 'hy', '', ''),
(382, 138, 'hy', '', ''),
(383, 139, 'hy', '', ''),
(384, 140, 'hy', '', ''),
(385, 141, 'hy', '', ''),
(386, 142, 'hy', '', ''),
(387, 143, 'hy', '', ''),
(388, 144, 'hy', '', ''),
(389, 145, 'hy', '', ''),
(390, 146, 'hy', '', ''),
(391, 147, 'hy', '', ''),
(392, 148, 'hy', '', ''),
(393, 149, 'hy', '', ''),
(394, 150, 'hy', '', ''),
(395, 151, 'hy', '', ''),
(396, 152, 'hy', '', ''),
(397, 153, 'hy', '', ''),
(398, 154, 'hy', '', ''),
(399, 155, 'hy', '', ''),
(400, 156, 'hy', '', ''),
(401, 157, 'hy', '', ''),
(402, 158, 'hy', '', ''),
(403, 159, 'hy', '', ''),
(404, 160, 'hy', '', ''),
(405, 161, 'hy', '', ''),
(406, 162, 'hy', '', ''),
(407, 163, 'hy', '', ''),
(408, 164, 'hy', '', ''),
(409, 165, 'hy', '', ''),
(410, 166, 'hy', '', ''),
(411, 167, 'hy', '', ''),
(412, 168, 'hy', '', ''),
(413, 169, 'hy', '', ''),
(414, 170, 'hy', '', ''),
(415, 171, 'hy', '', ''),
(416, 172, 'hy', '', ''),
(417, 173, 'hy', '', ''),
(418, 174, 'hy', '', ''),
(419, 175, 'hy', '', ''),
(420, 176, 'hy', '', ''),
(421, 177, 'hy', '', ''),
(422, 178, 'hy', '', ''),
(423, 179, 'hy', '', ''),
(424, 180, 'hy', '', ''),
(425, 181, 'hy', '', ''),
(426, 182, 'hy', '', ''),
(427, 183, 'hy', '', ''),
(428, 184, 'hy', '', ''),
(429, 185, 'hy', '', ''),
(430, 186, 'hy', '', ''),
(431, 187, 'hy', '', ''),
(432, 188, 'hy', '', ''),
(433, 189, 'hy', '', ''),
(434, 190, 'hy', '', ''),
(435, 191, 'hy', '', ''),
(436, 192, 'hy', '', ''),
(437, 193, 'hy', '', ''),
(438, 194, 'hy', '', ''),
(439, 195, 'hy', '', ''),
(440, 196, 'hy', '', ''),
(441, 197, 'hy', '', ''),
(442, 198, 'hy', '', ''),
(443, 199, 'hy', '', ''),
(444, 200, 'hy', '', ''),
(445, 201, 'hy', '', ''),
(446, 202, 'hy', '', ''),
(447, 203, 'hy', '', ''),
(448, 204, 'hy', '', ''),
(449, 205, 'hy', '', ''),
(450, 206, 'hy', '', ''),
(451, 207, 'hy', '', ''),
(452, 208, 'hy', '', ''),
(453, 209, 'hy', '', ''),
(454, 210, 'hy', '', ''),
(455, 211, 'hy', '', ''),
(456, 212, 'hy', '', ''),
(457, 213, 'hy', '', ''),
(458, 214, 'hy', '', ''),
(459, 215, 'hy', '', ''),
(460, 216, 'hy', '', ''),
(461, 217, 'hy', '', ''),
(462, 218, 'hy', '', ''),
(463, 219, 'hy', '', ''),
(464, 220, 'hy', '', ''),
(465, 221, 'hy', '', ''),
(466, 222, 'hy', '', ''),
(467, 223, 'hy', '', ''),
(468, 224, 'hy', '', ''),
(469, 225, 'hy', '', ''),
(470, 226, 'hy', '', ''),
(471, 227, 'hy', '', ''),
(472, 228, 'hy', '', ''),
(473, 229, 'hy', '', ''),
(474, 230, 'hy', '', ''),
(475, 231, 'hy', '', ''),
(476, 232, 'hy', '', ''),
(477, 233, 'hy', '', ''),
(478, 234, 'hy', '', ''),
(479, 235, 'hy', '', ''),
(480, 236, 'hy', '', ''),
(481, 237, 'hy', '', ''),
(482, 238, 'hy', '', ''),
(483, 239, 'hy', '', ''),
(484, 240, 'hy', '', ''),
(485, 241, 'hy', '', ''),
(486, 242, 'hy', '', ''),
(487, 243, 'hy', '', ''),
(488, 244, 'hy', '', ''),
(489, 245, 'hy', '', '');

--
-- Индексы сохранённых таблиц
--

--
-- Индексы таблицы `adc_about_us`
--
ALTER TABLE `adc_about_us`
  ADD PRIMARY KEY (`id`);

--
-- Индексы таблицы `adc_about_us_jobs`
--
ALTER TABLE `adc_about_us_jobs`
  ADD PRIMARY KEY (`id`);

--
-- Индексы таблицы `adc_about_us_jobs_translations`
--
ALTER TABLE `adc_about_us_jobs_translations`
  ADD PRIMARY KEY (`id`),
  ADD KEY `adc_fk_best_offer_translations` (`parent_id`);

--
-- Индексы таблицы `adc_about_us_translations`
--
ALTER TABLE `adc_about_us_translations`
  ADD PRIMARY KEY (`id`),
  ADD KEY `adc_fk_about_us_translations` (`parent_id`);

--
-- Индексы таблицы `adc_common_settings`
--
ALTER TABLE `adc_common_settings`
  ADD PRIMARY KEY (`id`);

--
-- Индексы таблицы `adc_countries`
--
ALTER TABLE `adc_countries`
  ADD PRIMARY KEY (`id`);

--
-- Индексы таблицы `adc_country_gallery`
--
ALTER TABLE `adc_country_gallery`
  ADD PRIMARY KEY (`id`);

--
-- Индексы таблицы `adc_country_gallery_translations`
--
ALTER TABLE `adc_country_gallery_translations`
  ADD PRIMARY KEY (`id`),
  ADD KEY `adc_fk_country_gallery_translations` (`parent_id`);

--
-- Индексы таблицы `adc_country_translations`
--
ALTER TABLE `adc_country_translations`
  ADD PRIMARY KEY (`id`),
  ADD KEY `adc_fk_country_translations` (`parent_id`);

--
-- Индексы таблицы `adc_destination`
--
ALTER TABLE `adc_destination`
  ADD PRIMARY KEY (`id`),
  ADD KEY `id` (`id`);

--
-- Индексы таблицы `adc_destination_images`
--
ALTER TABLE `adc_destination_images`
  ADD PRIMARY KEY (`id`),
  ADD KEY `destination_id` (`parent_id`);

--
-- Индексы таблицы `adc_destination_translations`
--
ALTER TABLE `adc_destination_translations`
  ADD PRIMARY KEY (`id`),
  ADD KEY `parent_id` (`parent_id`),
  ADD KEY `id` (`id`);

--
-- Индексы таблицы `adc_feedbacks`
--
ALTER TABLE `adc_feedbacks`
  ADD PRIMARY KEY (`id`);

--
-- Индексы таблицы `adc_feedback_translations`
--
ALTER TABLE `adc_feedback_translations`
  ADD PRIMARY KEY (`id`),
  ADD KEY `adc_fk_feedback_translations` (`parent_id`);

--
-- Индексы таблицы `adc_languages`
--
ALTER TABLE `adc_languages`
  ADD PRIMARY KEY (`id`);

--
-- Индексы таблицы `adc_our_partners`
--
ALTER TABLE `adc_our_partners`
  ADD PRIMARY KEY (`id`);

--
-- Индексы таблицы `adc_our_partners_translations`
--
ALTER TABLE `adc_our_partners_translations`
  ADD PRIMARY KEY (`id`),
  ADD KEY `adc_fk_best_offer_translations` (`parent_id`);

--
-- Индексы таблицы `adc_our_sertificates`
--
ALTER TABLE `adc_our_sertificates`
  ADD PRIMARY KEY (`id`);

--
-- Индексы таблицы `adc_our_sertificates_translations`
--
ALTER TABLE `adc_our_sertificates_translations`
  ADD PRIMARY KEY (`id`),
  ADD KEY `adc_fk_best_offer_translations` (`parent_id`);

--
-- Индексы таблицы `adc_our_team`
--
ALTER TABLE `adc_our_team`
  ADD PRIMARY KEY (`id`);

--
-- Индексы таблицы `adc_our_team_translations`
--
ALTER TABLE `adc_our_team_translations`
  ADD PRIMARY KEY (`id`),
  ADD KEY `adc_fk_best_offer_translations` (`parent_id`);

--
-- Индексы таблицы `adc_partners`
--
ALTER TABLE `adc_partners`
  ADD PRIMARY KEY (`id`);

--
-- Индексы таблицы `adc_tours`
--
ALTER TABLE `adc_tours`
  ADD PRIMARY KEY (`id`);

--
-- Индексы таблицы `adc_tour_country`
--
ALTER TABLE `adc_tour_country`
  ADD PRIMARY KEY (`id`),
  ADD KEY `adc_fk_country_relations` (`country_id`),
  ADD KEY `adc_fk_tour_relations` (`tour_id`);

--
-- Индексы таблицы `adc_tour_gallery`
--
ALTER TABLE `adc_tour_gallery`
  ADD PRIMARY KEY (`id`);

--
-- Индексы таблицы `adc_tour_gallery_translations`
--
ALTER TABLE `adc_tour_gallery_translations`
  ADD PRIMARY KEY (`id`),
  ADD KEY `adc_fk_tour_gallery_translations` (`parent_id`);

--
-- Индексы таблицы `adc_tour_translations`
--
ALTER TABLE `adc_tour_translations`
  ADD PRIMARY KEY (`id`),
  ADD KEY `adc_fk_tour_translations` (`parent_id`);

--
-- Индексы таблицы `adc_universal_text`
--
ALTER TABLE `adc_universal_text`
  ADD PRIMARY KEY (`id`);

--
-- Индексы таблицы `adc_universal_text_translations`
--
ALTER TABLE `adc_universal_text_translations`
  ADD PRIMARY KEY (`id`),
  ADD KEY `adc_fk_translations_universal` (`parent_id`);

--
-- Индексы таблицы `adc_user`
--
ALTER TABLE `adc_user`
  ADD PRIMARY KEY (`id`);

--
-- Индексы таблицы `adc_visas`
--
ALTER TABLE `adc_visas`
  ADD PRIMARY KEY (`id`);

--
-- Индексы таблицы `adc_visa_translations`
--
ALTER TABLE `adc_visa_translations`
  ADD PRIMARY KEY (`id`),
  ADD KEY `adc_fk_visa_translations` (`parent_id`);

--
-- AUTO_INCREMENT для сохранённых таблиц
--

--
-- AUTO_INCREMENT для таблицы `adc_about_us`
--
ALTER TABLE `adc_about_us`
  MODIFY `id` int(10) unsigned NOT NULL AUTO_INCREMENT,AUTO_INCREMENT=5;
--
-- AUTO_INCREMENT для таблицы `adc_about_us_jobs`
--
ALTER TABLE `adc_about_us_jobs`
  MODIFY `id` int(11) unsigned NOT NULL AUTO_INCREMENT,AUTO_INCREMENT=37;
--
-- AUTO_INCREMENT для таблицы `adc_about_us_jobs_translations`
--
ALTER TABLE `adc_about_us_jobs_translations`
  MODIFY `id` int(11) NOT NULL AUTO_INCREMENT,AUTO_INCREMENT=66;
--
-- AUTO_INCREMENT для таблицы `adc_about_us_translations`
--
ALTER TABLE `adc_about_us_translations`
  MODIFY `id` int(11) NOT NULL AUTO_INCREMENT,AUTO_INCREMENT=13;
--
-- AUTO_INCREMENT для таблицы `adc_common_settings`
--
ALTER TABLE `adc_common_settings`
  MODIFY `id` int(11) unsigned NOT NULL AUTO_INCREMENT,AUTO_INCREMENT=2;
--
-- AUTO_INCREMENT для таблицы `adc_countries`
--
ALTER TABLE `adc_countries`
  MODIFY `id` int(10) unsigned NOT NULL AUTO_INCREMENT,AUTO_INCREMENT=41;
--
-- AUTO_INCREMENT для таблицы `adc_country_gallery`
--
ALTER TABLE `adc_country_gallery`
  MODIFY `id` int(11) unsigned NOT NULL AUTO_INCREMENT,AUTO_INCREMENT=87;
--
-- AUTO_INCREMENT для таблицы `adc_country_gallery_translations`
--
ALTER TABLE `adc_country_gallery_translations`
  MODIFY `id` int(11) NOT NULL AUTO_INCREMENT,AUTO_INCREMENT=168;
--
-- AUTO_INCREMENT для таблицы `adc_country_translations`
--
ALTER TABLE `adc_country_translations`
  MODIFY `id` int(11) NOT NULL AUTO_INCREMENT,AUTO_INCREMENT=82;
--
-- AUTO_INCREMENT для таблицы `adc_destination`
--
ALTER TABLE `adc_destination`
  MODIFY `id` int(11) unsigned NOT NULL AUTO_INCREMENT,AUTO_INCREMENT=42;
--
-- AUTO_INCREMENT для таблицы `adc_destination_images`
--
ALTER TABLE `adc_destination_images`
  MODIFY `id` int(11) NOT NULL AUTO_INCREMENT,AUTO_INCREMENT=7;
--
-- AUTO_INCREMENT для таблицы `adc_destination_translations`
--
ALTER TABLE `adc_destination_translations`
  MODIFY `id` int(11) NOT NULL AUTO_INCREMENT,AUTO_INCREMENT=10;
--
-- AUTO_INCREMENT для таблицы `adc_feedbacks`
--
ALTER TABLE `adc_feedbacks`
  MODIFY `id` int(11) unsigned NOT NULL AUTO_INCREMENT,AUTO_INCREMENT=5;
--
-- AUTO_INCREMENT для таблицы `adc_feedback_translations`
--
ALTER TABLE `adc_feedback_translations`
  MODIFY `id` int(11) NOT NULL AUTO_INCREMENT,AUTO_INCREMENT=9;
--
-- AUTO_INCREMENT для таблицы `adc_languages`
--
ALTER TABLE `adc_languages`
  MODIFY `id` int(11) NOT NULL AUTO_INCREMENT,AUTO_INCREMENT=17;
--
-- AUTO_INCREMENT для таблицы `adc_our_partners`
--
ALTER TABLE `adc_our_partners`
  MODIFY `id` int(11) unsigned NOT NULL AUTO_INCREMENT,AUTO_INCREMENT=27;
--
-- AUTO_INCREMENT для таблицы `adc_our_partners_translations`
--
ALTER TABLE `adc_our_partners_translations`
  MODIFY `id` int(11) NOT NULL AUTO_INCREMENT,AUTO_INCREMENT=61;
--
-- AUTO_INCREMENT для таблицы `adc_our_sertificates`
--
ALTER TABLE `adc_our_sertificates`
  MODIFY `id` int(11) unsigned NOT NULL AUTO_INCREMENT,AUTO_INCREMENT=27;
--
-- AUTO_INCREMENT для таблицы `adc_our_sertificates_translations`
--
ALTER TABLE `adc_our_sertificates_translations`
  MODIFY `id` int(11) NOT NULL AUTO_INCREMENT,AUTO_INCREMENT=61;
--
-- AUTO_INCREMENT для таблицы `adc_our_team`
--
ALTER TABLE `adc_our_team`
  MODIFY `id` int(11) unsigned NOT NULL AUTO_INCREMENT,AUTO_INCREMENT=25;
--
-- AUTO_INCREMENT для таблицы `adc_our_team_translations`
--
ALTER TABLE `adc_our_team_translations`
  MODIFY `id` int(11) NOT NULL AUTO_INCREMENT,AUTO_INCREMENT=57;
--
-- AUTO_INCREMENT для таблицы `adc_partners`
--
ALTER TABLE `adc_partners`
  MODIFY `id` int(11) unsigned NOT NULL AUTO_INCREMENT,AUTO_INCREMENT=52;
--
-- AUTO_INCREMENT для таблицы `adc_tours`
--
ALTER TABLE `adc_tours`
  MODIFY `id` int(11) unsigned NOT NULL AUTO_INCREMENT,AUTO_INCREMENT=22;
--
-- AUTO_INCREMENT для таблицы `adc_tour_country`
--
ALTER TABLE `adc_tour_country`
  MODIFY `id` int(11) NOT NULL AUTO_INCREMENT,AUTO_INCREMENT=32;
--
-- AUTO_INCREMENT для таблицы `adc_tour_gallery`
--
ALTER TABLE `adc_tour_gallery`
  MODIFY `id` int(11) unsigned NOT NULL AUTO_INCREMENT,AUTO_INCREMENT=23;
--
-- AUTO_INCREMENT для таблицы `adc_tour_gallery_translations`
--
ALTER TABLE `adc_tour_gallery_translations`
  MODIFY `id` int(11) NOT NULL AUTO_INCREMENT,AUTO_INCREMENT=44;
--
-- AUTO_INCREMENT для таблицы `adc_tour_translations`
--
ALTER TABLE `adc_tour_translations`
  MODIFY `id` int(11) NOT NULL AUTO_INCREMENT,AUTO_INCREMENT=50;
--
-- AUTO_INCREMENT для таблицы `adc_universal_text`
--
ALTER TABLE `adc_universal_text`
  MODIFY `id` int(10) unsigned NOT NULL AUTO_INCREMENT,AUTO_INCREMENT=1501;
--
-- AUTO_INCREMENT для таблицы `adc_universal_text_translations`
--
ALTER TABLE `adc_universal_text_translations`
  MODIFY `id` int(11) NOT NULL AUTO_INCREMENT,AUTO_INCREMENT=4501;
--
-- AUTO_INCREMENT для таблицы `adc_user`
--
ALTER TABLE `adc_user`
  MODIFY `id` int(11) NOT NULL AUTO_INCREMENT,AUTO_INCREMENT=2;
--
-- AUTO_INCREMENT для таблицы `adc_visas`
--
ALTER TABLE `adc_visas`
  MODIFY `id` int(11) unsigned NOT NULL AUTO_INCREMENT,AUTO_INCREMENT=246;
--
-- AUTO_INCREMENT для таблицы `adc_visa_translations`
--
ALTER TABLE `adc_visa_translations`
  MODIFY `id` int(11) NOT NULL AUTO_INCREMENT,AUTO_INCREMENT=490;
--
-- Ограничения внешнего ключа сохраненных таблиц
--

--
-- Ограничения внешнего ключа таблицы `adc_about_us_jobs_translations`
--
ALTER TABLE `adc_about_us_jobs_translations`
  ADD CONSTRAINT `adc_about_us_jobs_translations_ibfk_1` FOREIGN KEY (`parent_id`) REFERENCES `adc_about_us_jobs` (`id`) ON DELETE CASCADE;

--
-- Ограничения внешнего ключа таблицы `adc_about_us_translations`
--
ALTER TABLE `adc_about_us_translations`
  ADD CONSTRAINT `adc_fk_about_us_translations` FOREIGN KEY (`parent_id`) REFERENCES `adc_about_us` (`id`) ON DELETE CASCADE;

--
-- Ограничения внешнего ключа таблицы `adc_country_gallery_translations`
--
ALTER TABLE `adc_country_gallery_translations`
  ADD CONSTRAINT `adc_fk_country_gallery_translations` FOREIGN KEY (`parent_id`) REFERENCES `adc_country_gallery` (`id`) ON DELETE CASCADE;

--
-- Ограничения внешнего ключа таблицы `adc_country_translations`
--
ALTER TABLE `adc_country_translations`
  ADD CONSTRAINT `adc_fk_country_translations` FOREIGN KEY (`parent_id`) REFERENCES `adc_countries` (`id`) ON DELETE CASCADE;

--
-- Ограничения внешнего ключа таблицы `adc_destination_images`
--
ALTER TABLE `adc_destination_images`
  ADD CONSTRAINT `adc_destination_images_ibfk_1` FOREIGN KEY (`parent_id`) REFERENCES `adc_destination` (`id`) ON DELETE CASCADE ON UPDATE NO ACTION;

--
-- Ограничения внешнего ключа таблицы `adc_destination_translations`
--
ALTER TABLE `adc_destination_translations`
  ADD CONSTRAINT `adc_destination_translations_ibfk_1` FOREIGN KEY (`parent_id`) REFERENCES `adc_destination` (`id`) ON DELETE CASCADE ON UPDATE NO ACTION;

--
-- Ограничения внешнего ключа таблицы `adc_feedback_translations`
--
ALTER TABLE `adc_feedback_translations`
  ADD CONSTRAINT `adc_fk_feedback_translations` FOREIGN KEY (`parent_id`) REFERENCES `adc_feedbacks` (`id`) ON DELETE CASCADE;

--
-- Ограничения внешнего ключа таблицы `adc_our_team_translations`
--
ALTER TABLE `adc_our_team_translations`
  ADD CONSTRAINT `adc_our_team_translations_ibfk_1` FOREIGN KEY (`parent_id`) REFERENCES `adc_our_team` (`id`) ON DELETE CASCADE;

--
-- Ограничения внешнего ключа таблицы `adc_tour_country`
--
ALTER TABLE `adc_tour_country`
  ADD CONSTRAINT `adc_fk_country_relations` FOREIGN KEY (`country_id`) REFERENCES `adc_countries` (`id`) ON DELETE CASCADE,
  ADD CONSTRAINT `adc_fk_tour_relations` FOREIGN KEY (`tour_id`) REFERENCES `adc_tours` (`id`) ON DELETE CASCADE;

--
-- Ограничения внешнего ключа таблицы `adc_tour_gallery_translations`
--
ALTER TABLE `adc_tour_gallery_translations`
  ADD CONSTRAINT `adc_fk_tour_gallery_translations` FOREIGN KEY (`parent_id`) REFERENCES `adc_tour_gallery` (`id`) ON DELETE CASCADE;

--
-- Ограничения внешнего ключа таблицы `adc_tour_translations`
--
ALTER TABLE `adc_tour_translations`
  ADD CONSTRAINT `adc_fk_tour_translations` FOREIGN KEY (`parent_id`) REFERENCES `adc_tours` (`id`) ON DELETE CASCADE;

--
-- Ограничения внешнего ключа таблицы `adc_universal_text_translations`
--
ALTER TABLE `adc_universal_text_translations`
  ADD CONSTRAINT `adc_fk_translations_universal` FOREIGN KEY (`parent_id`) REFERENCES `adc_universal_text` (`id`) ON DELETE CASCADE;

--
-- Ограничения внешнего ключа таблицы `adc_visa_translations`
--
ALTER TABLE `adc_visa_translations`
  ADD CONSTRAINT `adc_fk_visa_translations` FOREIGN KEY (`parent_id`) REFERENCES `adc_visas` (`id`) ON DELETE CASCADE;

/*!40101 SET CHARACTER_SET_CLIENT=@OLD_CHARACTER_SET_CLIENT */;
/*!40101 SET CHARACTER_SET_RESULTS=@OLD_CHARACTER_SET_RESULTS */;
/*!40101 SET COLLATION_CONNECTION=@OLD_COLLATION_CONNECTION */;
